"X","Subject.ID","Total.Mass","Lean.Mass","Fat.Mass","Time.of.Day","Group","Hourly.Food.Intake","Hourly.Water.Intake","Cumulative.Food.Intake","Cumulative.Water.Intake","Oxygen.Consumption","Carbon.Dioxide.Production","Energy.Expenditure","Respiratory.Exchange.Ratio","Locomotor.Activity","Ambulatory.Activity","Pedestrian.Locomotion","Total.Distance..includes.fine.movement.","Energy.Balance","acclimation"
1,"D1",42.48,24.34,15.86,"Full day","HFD",1.029867123,0,75.1803,NA,129.9215641,98.78100578,0.621272676,0.759278287,455.3483607,162.3237705,NA,NA,0.408594447,TRUE
2,"D1",42.48,24.34,15.86,"Dark","HFD",1.368681081,0,75.1803,NA,137.8033125,103.3472475,0.65738491,0.747986196,594.1129032,227.8387097,NA,NA,0.711296171,TRUE
3,"D1",42.48,24.34,15.86,"Light","HFD",0.681641667,0,62.7284,NA,121.7770908,94.062556,0.583956702,0.770946781,311.9583333,94.625,NA,NA,0.097684965,TRUE
4,"D10",26.26,21.09,3.15,"Light","LFD",0.745961111,0,49.3926,NA,91.394723,87.351453,0.45679731,0.95470289,363.05,133.2666667,NA,NA,0.289163801,TRUE
5,"D10",26.26,21.09,3.15,"Dark","LFD",0.864145946,0,58.828,NA,108.6222606,102.8725735,0.541857396,0.94551988,872.4435484,406.3387097,NA,NA,0.32228855,TRUE
6,"D10",26.26,21.09,3.15,"Full day","LFD",0.805863014,0,58.828,NA,100.1497011,95.23923557,0.500024567,0.950036115,621.9221311,272.0409836,NA,NA,0.305838447,TRUE
7,"D11",31.22,22.56,6.66,"Light","LFD",0.636666667,0,46.4894,NA,105.2992047,94.54425333,0.51955011,0.895646092,324.9,110.75,NA,NA,0.117116557,TRUE
8,"D11",31.22,22.56,6.66,"Dark","LFD",0.934351351,0,57.491,NA,131.529427,123.2563402,0.654678984,0.936532639,858.300813,398.2276423,NA,NA,0.279672367,TRUE
9,"D11",31.22,22.56,6.66,"Full day","LFD",0.787547945,0,57.491,NA,118.5762308,109.0775319,0.587948676,0.916341752,594.8930041,256.2633745,NA,NA,0.199599269,TRUE
10,"D12",29.33,22.12,5.35,"Full day","LFD",0.708008219,0,51.4936,NA,107.5318281,99.34309815,0.533656401,0.925857551,586.4938272,248.7983539,NA,NA,0.174351818,TRUE
11,"D12",29.33,22.12,5.35,"Light","LFD",0.710944444,0,42.784,NA,97.93531275,92.20910325,0.487946336,0.941090923,329.5916667,122.1666667,NA,NA,0.222998109,TRUE
12,"D12",29.33,22.12,5.35,"Dark","LFD",0.705151351,0,51.4936,NA,116.8942822,106.3030932,0.578251587,0.910995725,837.1300813,372.3414634,NA,NA,0.126899764,TRUE
13,"D13",28.18,21.17,5.01,"Full day","LFD",0.568813699,0,41.5234,NA,104.609473,95.3339963,0.517705333,0.907085911,642.8888889,255.1193416,NA,NA,0.051108365,TRUE
14,"D13",28.18,21.17,5.01,"Dark","LFD",0.618427027,0,41.5234,NA,113.1004772,104.124563,0.560890748,0.918070034,907.2845528,401.1463415,NA,NA,0.057536279,TRUE
15,"D13",28.18,21.17,5.01,"Light","LFD",0.517822222,0,33.7688,NA,95.90619375,86.32366542,0.473440284,0.895827185,371.8833333,105.4416667,NA,NA,0.044381939,TRUE
16,"D14",43.22,24.65,16.5,"Light","HFD",0.778605556,0,46.1606,NA,135.830774,103.1938017,0.649441425,0.758434722,280.175,75.48333333,NA,NA,0.129164131,TRUE
17,"D14",43.22,24.65,16.5,"Full day","HFD",0.752238356,0,54.8613,NA,138.8027136,104.7846151,0.662913279,0.753888976,358.7119342,110.8518519,NA,NA,0.089325078,TRUE
18,"D14",43.22,24.65,16.5,"Dark","HFD",0.726583784,0,54.8613,NA,141.7021668,106.3366283,0.67605655,0.749454101,435.3333333,145.3577236,NA,NA,0.050527233,TRUE
19,"D15",35.62,21.36,12.28,"Dark","HFD",0.889924324,0,55.0697,NA,141.0355447,104.4547649,0.671348052,0.739734225,617.0325203,223.5284553,NA,NA,0.218576273,TRUE
20,"D15",35.62,21.36,12.28,"Light","HFD",0.615069444,0,42.3573,NA,128.7530067,97.33751067,0.615070886,0.755190921,306.9166667,73.575,NA,NA,-1.44e-06,TRUE
21,"D15",35.62,21.36,12.28,"Full day","HFD",0.754379452,0,55.0697,NA,134.9700938,100.9400714,0.643556859,0.747367161,463.8888889,149.4773663,NA,NA,0.110822593,TRUE
22,"D16",35.86,24.23,9.91,"Full day","HFD",1.493771233,0,109.0453,NA,145.0594444,108.4436889,0.69161799,0.746412818,568.7489712,172.2921811,NA,NA,0.802153242,TRUE
23,"D16",35.86,24.23,9.91,"Light","HFD",1.053577778,0,84.8709,NA,137.12013,103.983075,0.655395713,0.756723491,409.3416667,118.3583333,NA,NA,0.398182064,TRUE
24,"D16",35.86,24.23,9.91,"Dark","HFD",1.922067568,0,109.0453,NA,152.8051171,112.7955073,0.726956797,0.736353626,724.2682927,224.9105691,NA,NA,1.19511077,TRUE
25,"D17",36.72,21.95,12.93,"Light","HFD",0.881358333,0,51.9958,NA,126.7153033,95.88482333,0.605433625,0.756044241,411.6,126.5,NA,NA,0.275924708,TRUE
26,"D17",36.72,21.95,12.93,"Dark","HFD",0.799805405,0,61.3217,NA,137.9665419,101.0899581,0.655531635,0.732094551,742.3145161,268.1370968,NA,NA,0.14427377,TRUE
27,"D17",36.72,21.95,12.93,"Full day","HFD",0.840023288,0,61.3217,NA,132.4331459,98.53005574,0.63089327,0.743873087,579.6680328,198.4795082,NA,NA,0.209130018,TRUE
28,"D2",39.68,23.45,14.41,"Light","HFD",0.639672222,0,51.8916,NA,119.5911948,90.85608733,0.571795731,0.758258205,301.1833333,100.525,NA,NA,0.067876491,TRUE
29,"D2",39.68,23.45,14.41,"Full day","HFD",0.912106849,0,66.5838,NA,130.6835652,98.18947344,0.623621488,0.750852147,546.897541,224.3688525,NA,NA,0.288485361,TRUE
30,"D2",39.68,23.45,14.41,"Dark","HFD",1.177178378,0,66.5838,NA,141.4181172,105.2862987,0.673775446,0.743684994,784.6854839,344.2177419,NA,NA,0.503402932,TRUE
31,"D3",30.03,23.43,4.29,"Dark","LFD",0.873437838,0,68.378,NA,122.1307669,113.4291121,0.60676995,0.925139164,1190.766129,643.2741935,NA,NA,0.266667887,TRUE
32,"D3",30.03,23.43,4.29,"Full day","LFD",0.940871233,0,68.378,NA,114.0452135,106.5120516,0.567254516,0.930902973,885.2868852,452.3770492,NA,NA,0.373616717,TRUE
33,"D3",30.03,23.43,4.29,"Light","LFD",1.010177778,0,59.2864,NA,105.6901417,99.3644225,0.5264219,0.93685891,569.625,255.1166667,NA,NA,0.483755878,TRUE
34,"D4",39.23,22.51,14.48,"Full day","HFD",0.807906849,0,58.9251,NA,134.1945921,101.0994958,0.64067693,0.752330933,533.4485597,144.6995885,NA,NA,0.16722992,TRUE
35,"D4",39.23,22.51,14.48,"Dark","HFD",0.958921622,0,58.9251,NA,144.47488,108.1879151,0.689031336,0.747390706,728.6747967,216.5365854,NA,NA,0.269890285,TRUE
36,"D4",39.23,22.51,14.48,"Light","HFD",0.652697222,0,45.0665,NA,123.657297,93.833866,0.591113663,0.757394666,333.3416667,71.06666667,NA,NA,0.061583559,TRUE
37,"D5",34.13,22.74,8.73,"Light","LFD",0.764,0,49.3544,NA,125.5473267,112.5852903,0.619301346,0.894730321,390.45,165.075,NA,NA,0.144698654,TRUE
38,"D5",34.13,22.74,8.73,"Dark","LFD",0.888924324,0,60.356,NA,139.5739797,127.987652,0.691615397,0.915276291,879.0731707,438.7642276,NA,NA,0.197308927,TRUE
39,"D5",34.13,22.74,8.73,"Full day","LFD",0.827317808,0,60.356,NA,132.6472374,120.3815475,0.655904754,0.905130133,637.7777778,303.6090535,NA,NA,0.171413054,TRUE
40,"D7",28.88,21.78,4.5,"Dark","LFD",0.834205405,0,59.9358,NA,126.9189966,120.0335154,0.632944834,0.945581872,850.7317073,401.203252,NA,NA,0.201260572,TRUE
41,"D7",28.88,21.78,4.5,"Light","LFD",0.807505556,0,50.424,NA,115.4285352,106.8345865,0.57306291,0.921913463,398.6916667,147.8083333,NA,NA,0.234442646,TRUE
42,"D7",28.88,21.78,4.5,"Full day","LFD",0.821038356,0,59.9358,NA,121.2446947,113.5155258,0.603373513,0.933893769,627.5020576,276.0699588,NA,NA,0.217664843,TRUE
43,"D8",26.87,21.75,3.24,"Light","LFD",0.788405556,0,47.5208,NA,108.7053227,101.783648,0.540980391,0.931990871,335.6833333,131.6,NA,NA,0.247425164,TRUE
44,"D8",26.87,21.75,3.24,"Dark","LFD",0.714443243,0,54.7788,NA,124.4311467,114.5888,0.617118362,0.917333347,662.9918699,263.4390244,NA,NA,0.097324881,TRUE
45,"D8",26.87,21.75,3.24,"Full day","LFD",0.750917808,0,54.7788,NA,116.6653077,108.2652681,0.579519364,0.92457163,501.3580247,198.3333333,NA,NA,0.171398444,TRUE
46,"D9",44.09,24.49,17.7,"Dark","HFD",1.426413514,0,92.7901,NA,158.4281874,118.741988,0.755694125,0.747817073,649.1219512,239.3252033,NA,NA,0.670719388,TRUE
47,"D9",44.09,24.49,17.7,"Light","HFD",1.123044444,0,74.0862,NA,146.0450316,111.9174889,0.699344212,0.76522389,367.7833333,132.4666667,NA,NA,0.423700232,TRUE
48,"D9",44.09,24.49,17.7,"Full day","HFD",1.276806849,0,92.7901,NA,152.3130487,115.371865,0.727867008,0.756413032,510.1893004,186.5555556,NA,NA,0.548939842,TRUE
49,"M1",24.75,21.71,1.805,"Full day","LFD",0.495553425,0,36.1754,NA,97.47945205,90.19178082,0.48391863,0.920707741,4580.589041,3322.328767,NA,NA,0.011634795,TRUE
50,"M1",24.75,21.71,1.805,"Light","LFD",0.322118919,0,36.1754,NA,91.45945946,80.21621622,0.449160865,0.873788434,2230.756757,1520.864865,NA,NA,-0.127041946,TRUE
51,"M1",24.75,21.71,1.805,"Dark","LFD",0.673805556,0,33.4632,NA,103.6666667,100.4444444,0.519641889,0.968930362,6995.694444,5173.833333,NA,NA,0.154163667,TRUE
52,"M10",33.65,22.265,10.585,"Dark","HFD",0.473241667,0,25.3206,NA,114.1111111,87.88888889,0.546917,0.7694396,3760.75,2580.305556,NA,NA,-0.073675333,TRUE
53,"M10",33.65,22.265,10.585,"Full day","HFD",0.363986301,0,26.5189,NA,108.9726027,83.83561644,0.522183219,0.768447531,2844.931507,1928.890411,NA,NA,-0.158196918,TRUE
54,"M10",33.65,22.265,10.585,"Light","HFD",0.257683784,0,26.5189,NA,103.972973,79.89189189,0.498117919,0.767482274,1953.864865,1295.081081,NA,NA,-0.240434135,TRUE
55,"M11",41.6,23.895,17.02,"Dark","HFD",0.740977778,0,39.7002,NA,131.9722222,104.0833333,0.635218694,0.788056735,3576.75,2389.055556,NA,NA,0.105759083,TRUE
56,"M11",41.6,23.895,17.02,"Light","HFD",0.356251351,0,39.8565,NA,117,91.45945946,0.562251162,0.780083583,1488.810811,889.2972973,NA,NA,-0.205999811,TRUE
57,"M11",41.6,23.895,17.02,"Full day","HFD",0.545979452,0,39.8565,NA,124.3835616,97.68493151,0.598235151,0.784015549,2518.479452,1628.90411,NA,NA,-0.052255699,TRUE
58,"M12",28.35,20.815,6.415,"Light","HFD",0.38722973,0,39.5439,NA,103.9189189,82.13513514,0.500385919,0.789298441,1552.135135,948.5405405,NA,NA,-0.113156189,TRUE
59,"M12",28.35,20.815,6.415,"Full day","HFD",0.54169726,0,39.5439,NA,114.0958904,90.52054795,0.54976763,0.792513712,2705.342466,1727.178082,NA,NA,-0.00807037,TRUE
60,"M12",28.35,20.815,6.415,"Dark","HFD",0.700455556,0,39.1792,NA,124.5555556,99.13888889,0.600521056,0.795818296,3890.583333,2527.444444,NA,NA,0.0999345,TRUE
61,"M13",29.2,20.79,7.54,"Full day","HFD",0.463190411,0,33.0835,NA,116.0958904,90.68493151,0.557831438,0.781026078,3813.726027,2756.123288,NA,NA,-0.094641027,TRUE
62,"M13",29.2,20.79,7.54,"Light","HFD",0.352027027,0,33.0835,NA,108.5675676,84.78378378,0.521635649,0.780524824,2062.72973,1412.189189,NA,NA,-0.169608622,TRUE
63,"M13",29.2,20.79,7.54,"Dark","HFD",0.577441667,0,31.3121,NA,123.8333333,96.75,0.595032667,0.781541256,5613.361111,4137.388889,NA,NA,-0.017591,TRUE
64,"M2",29.05,24.375,3.2,"Dark","LFD",0.691844444,0,37.818,NA,112.9444444,108.0555556,0.5646235,0.954702387,6565.5,4870.805556,NA,NA,0.127220944,TRUE
65,"M2",29.05,24.375,3.2,"Full day","LFD",0.542126027,0,39.0786,NA,105.3561644,97.83561644,0.523414836,0.924515925,4929.780822,3630.068493,NA,NA,0.018711192,TRUE
66,"M2",29.05,24.375,3.2,"Light","LFD",0.396454054,0,39.0786,NA,97.97297297,87.89189189,0.483319919,0.895145313,3338.27027,2422.864865,NA,NA,-0.086865865,TRUE
67,"M3",26.55,22.39,3,"Light","LFD",0.272562162,0,35.6024,NA,94.2972973,81.91891892,0.462227973,0.865986823,1791.756757,1172,NA,NA,-0.189665811,TRUE
68,"M3",26.55,22.39,3,"Full day","LFD",0.48770411,0,35.6024,NA,101.3287671,93.4109589,0.502649192,0.916850044,3938.931507,2819.383562,NA,NA,-0.014945082,TRUE
69,"M3",26.55,22.39,3,"Dark","LFD",0.708822222,0,35.4878,NA,108.5555556,105.2222222,0.544193222,0.969126133,6145.75,4512.527778,NA,NA,0.164629,TRUE
70,"M4",27.3,22.925,3.155,"Full day","LFD",0.51229863,0,36.9394,NA,105.0547945,98.34246575,0.522787712,0.934860189,4868.643836,3598.821918,NA,NA,-0.010489082,TRUE
71,"M4",27.3,22.925,3.155,"Light","LFD",0.369610811,0,36.9394,NA,95.54054054,88.35135135,0.474241865,0.923407455,2256.810811,1542.135135,NA,NA,-0.104631054,TRUE
72,"M4",27.3,22.925,3.155,"Dark","LFD",0.65895,0,36.8248,NA,114.8333333,108.6111111,0.572682056,0.946631055,7553.027778,5712.638889,NA,NA,0.086267944,TRUE
73,"M5",27.05,23.2,2.78,"Light","LFD",0.513118919,0,41.9054,NA,98.89189189,92.75675676,0.492321919,0.937594147,2717.162162,1915.810811,NA,NA,0.020797,TRUE
74,"M5",27.05,23.2,2.78,"Dark","LFD",0.645155556,0,40.4538,NA,118.8333333,112.5833333,0.592839333,0.949336859,7870.444444,5994.083333,NA,NA,0.052316222,TRUE
75,"M5",27.05,23.2,2.78,"Full day","LFD",0.578232877,0,41.9054,NA,108.7260274,102.5342466,0.541892151,0.943385073,5258.506849,3927.013699,NA,NA,0.036340726,TRUE
76,"M6",26.85,23.57,2.01,"Light","LFD",0.37787027,0,39.0404,NA,99.62162162,90.35135135,0.492537405,0.903657735,3226.135135,2309.297297,NA,NA,-0.114667135,TRUE
77,"M6",26.85,23.57,2.01,"Full day","LFD",0.536893151,0,39.0404,NA,106.7534247,100.2328767,0.531572808,0.934745306,5373.726027,3932.561644,NA,NA,0.005320342,TRUE
78,"M6",26.85,23.57,2.01,"Dark","LFD",0.700333333,0,37.245,NA,114.0833333,110.3888889,0.571692528,0.966696421,7580.972222,5600.916667,NA,NA,0.128640806,TRUE
79,"M7",35.3,23.395,10.9,"Light","HFD",0.374556757,0,38.1893,NA,106.0540541,83.08108108,0.509846703,0.782473876,2095.864865,1378.594595,NA,NA,-0.135289946,TRUE
80,"M7",35.3,23.395,10.9,"Full day","HFD",0.526709589,0,38.1893,NA,112.9726027,88.87671233,0.543522671,0.785349633,2564.808219,1679.410959,NA,NA,-0.016813082,TRUE
81,"M7",35.3,23.395,10.9,"Dark","HFD",0.683088889,0,37.7204,NA,120.0833333,94.83333333,0.578134083,0.788305272,3046.777778,1988.583333,NA,NA,0.104954806,TRUE
82,"M8",30.9,22.91,6.81,"Full day","HFD",0.474609589,0,34.4902,NA,118.3972603,92.21917808,0.568598014,0.777592092,4398.972603,3135.890411,NA,NA,-0.093988425,TRUE
83,"M8",30.9,22.91,6.81,"Dark","HFD",0.633883333,0,33.0314,NA,125.2777778,98.36111111,0.602507111,0.78444276,5961.888889,4283.972222,NA,NA,0.031376222,TRUE
84,"M8",30.9,22.91,6.81,"Light","HFD",0.319640541,0,34.4902,NA,111.7027027,86.24324324,0.535605378,0.770926577,2878.297297,2018.837838,NA,NA,-0.215964838,TRUE
85,"V1",27.765,18.75865,3.438405,"Dark","LFD",0.829801622,0.121271944,39.72760654,7.568526,105.0796453,102.507642,0.527492334,0.973575854,246.7274292,NA,1.051216509,1.299909906,0.302309288,TRUE
86,"V1",27.765,18.75865,3.438405,"Light","LFD",0.277954129,0.038298389,31.61125254,6.154032,83.14209256,73.89200647,0.409387546,0.884553383,81.13905093,NA,0.183880787,0.27237662,-0.131433417,TRUE
87,"V1",27.765,18.75865,3.438405,"Full day","LFD",0.553877876,0.079785167,39.72760654,7.568526,94.00835701,88.06610633,0.467888049,0.928648626,163.1594626,NA,0.613495678,0.781341706,0.085989827,TRUE
88,"V10",30.65,18.3412,10.85135,"Full day","HFD",0.460284035,0.071282819,33.14045051,6.701165,95.36316737,77.13833114,0.461141237,0.808860679,115.771028,NA,0.285638668,0.429731075,-0.000857202,TRUE
89,"V10",30.65,18.3412,10.85135,"Light","HFD",0.134529436,0.021383306,24.22866215,5.353926,86.77468529,68.95292231,0.418240967,0.796136439,53.39923611,NA,0.058613426,0.124785648,-0.283711531,TRUE
90,"V10",30.65,18.3412,10.85135,"Dark","HFD",0.786038634,0.121182333,33.14045051,6.701165,104.1136963,85.47818165,0.504850946,0.821825,179.3196462,NA,0.516947406,0.740430189,0.281187688,TRUE
91,"V11",31.95,18.6417,11.4288,"Dark","HFD",0.928621572,0.070094444,41.6971409,5.096549,103.7492919,83.75615992,0.501510272,0.809378619,157.9496934,NA,0.471898821,0.644985377,0.4271113,TRUE
92,"V11",31.95,18.6417,11.4288,"Light","HFD",0.229632342,0.042708222,31.95808269,3.952976,90.16146054,73.04545203,0.436114586,0.812440906,95.87173611,NA,0.178102778,0.281531713,-0.206482244,TRUE
93,"V11",31.95,18.6417,11.4288,"Full day","HFD",0.579126957,0.056401333,41.6971409,5.096549,96.8918817,78.35075593,0.468506842,0.810924072,126.6206308,NA,0.323627921,0.461560164,0.110620115,TRUE
94,"V12",30.9,18.696,11.4203,"Full day","HFD",0.496515098,0.049806167,35.74908709,4.660392,95.76906004,76.34029322,0.46185823,0.798643185,102.4424533,NA,0.457363551,0.574868458,0.034656869,TRUE
95,"V12",30.9,18.696,11.4203,"Dark","HFD",0.720761241,0.073075778,35.74908709,4.660392,105.4309742,84.07010717,0.508485008,0.799293347,164.6141509,NA,0.802394811,0.982133019,0.212276233,TRUE
96,"V12",30.9,18.696,11.4203,"Light","HFD",0.272268956,0.026536556,28.50004939,3.963923,86.28607024,68.75362397,0.416094911,0.798005063,41.42208333,NA,0.118721759,0.175145833,-0.143825955,TRUE
97,"V13",29.15,18.4233,6.51846,"Light","HFD",0.135681714,0.019717806,11.3556118,3.759979,81.26531043,63.72246719,0.390743637,0.781845164,79.0274537,NA,0.123771296,0.229915278,-0.255061923,TRUE
98,"V13",29.15,18.4233,6.51846,"Dark","HFD",0.31755196,0.065291694,16.25548655,4.56392,98.15965388,77.36652119,0.472414568,0.787936827,182.9508019,NA,0.789008726,1.004520991,-0.154862608,TRUE
99,"V13",29.15,18.4233,6.51846,"Full day","HFD",0.226616837,0.04250475,16.25548655,4.56392,89.63353663,70.48073693,0.431197463,0.78486253,130.5035047,NA,0.453281425,0.613598481,-0.204580626,TRUE
100,"V14",30.1,17.5776,7.03663,"Light","HFD",0.41777427,0.054649389,28.81205545,6.315645,87.90102876,70.83163882,0.424757747,0.806086962,99.16310185,NA,0.110233102,0.211778935,-0.006983477,TRUE
101,"V14",30.1,17.5776,7.03663,"Dark","HFD",0.62645836,0.11972125,37.59237467,8.086481,104.7509332,84.52954462,0.506313104,0.807175667,295.8925296,NA,0.90832766,1.204467139,0.120145256,TRUE
102,"V14",30.1,17.5776,7.03663,"Full day","HFD",0.522116315,0.087185319,37.59237467,8.086481,96.23729727,77.60849748,0.465106187,0.806625585,196.4923977,NA,0.505079883,0.702898363,0.057010128,TRUE
103,"V15",29.5,18.1074,5.66058,"Full day","HFD",0.426564119,0.077828361,30.71261656,7.723167,91.02464562,72.6092974,0.439034011,0.797968778,104.4056959,NA,0.419493567,0.542837661,-0.012469892,TRUE
104,"V15",29.5,18.1074,5.66058,"Dark","HFD",0.531331864,0.105403667,30.71261656,7.723167,99.71147348,79.25229712,0.480615958,0.794943451,144.7022931,NA,0.633184161,0.796692435,0.050715907,TRUE
105,"V15",29.5,18.1074,5.66058,"Light","HFD",0.321796374,0.050253056,23.81712425,6.318225,82.51879335,66.1046935,0.398318356,0.800931079,64.94861111,NA,0.210254861,0.294271528,-0.076521982,TRUE
106,"V16",26.25,15.7924,5.288555,"Light","HFD",0.295240135,0.030600278,20.12914239,4.899918,80.00646189,63.52866413,0.385568169,0.794194548,104.6470602,NA,0.193862963,0.314105093,-0.090328034,TRUE
107,"V16",26.25,15.7924,5.288555,"Full day","HFD",0.340856652,0.061387139,24.54167895,5.932376,86.06051427,68.27921532,0.414681299,0.793675025,163.7321637,NA,0.410560117,0.590409006,-0.073824647,TRUE
108,"V16",26.25,15.7924,5.288555,"Dark","HFD",0.386473169,0.092174,24.54167895,5.932376,92.24337627,73.13084207,0.444413857,0.793144448,224.0743972,NA,0.631867849,0.872591726,-0.057940688,TRUE
109,"V2",27.02,17.3238,2.510465,"Light","LFD",0.322949273,0.025545667,26.71027658,5.929996,81.05517833,73.16396431,0.400357802,0.898434216,35.9231713,NA,0.134791435,0.171766435,-0.07740853,TRUE
110,"V2",27.02,17.3238,2.510465,"Full day","LFD",0.504350833,0.069810806,36.31325998,7.378579,94.02199332,87.56675337,0.467389505,0.924798734,106.7114486,NA,0.514035514,0.616208411,0.036961328,TRUE
111,"V2",27.02,17.3238,2.510465,"Dark","LFD",0.685752393,0.114075944,36.31325998,7.378579,107.2334652,102.2412932,0.535685957,0.951660695,178.8353538,NA,0.900435142,1.069036085,0.150066437,TRUE
112,"V3",26.65,18.2229,3.203605,"Dark","LFD",0.434543994,0.112263722,30.11870978,8.525714,111.8928358,106.8651783,0.559162553,0.952245196,217.1871934,NA,0.916459198,1.139099764,-0.124618559,TRUE
113,"V3",26.65,18.2229,3.203605,"Full day","LFD",0.420459442,0.088938389,30.11870978,8.525714,100.21677,94.07996945,0.499006737,0.933644533,152.0507477,NA,0.551115888,0.710975584,-0.078547295,TRUE
114,"V3",26.65,18.2229,3.203605,"Light","LFD",0.406374889,0.065613056,22.43560108,7.239862,88.75692771,81.53152374,0.439964917,0.915388327,88.12053241,NA,0.192538194,0.29077963,-0.033590028,TRUE
115,"V4",25.3,15.6914,1.723575,"Full day","LFD",0.441383545,0.083818083,31.77744546,8.665958,91.46175588,83.49165737,0.452792553,0.905289773,191.0800584,NA,2.009553154,2.147330374,-0.011409008,TRUE
116,"V4",25.3,15.6914,1.723575,"Dark","LFD",0.694216134,0.135125222,31.77744546,8.665958,106.9738598,99.21707427,0.531318065,0.923154518,320.0313208,NA,3.808582075,4.019924057,0.162898068,TRUE
117,"V4",25.3,15.6914,1.723575,"Light","LFD",0.188550956,0.032510944,25.9467388,7.095144,76.23691319,68.0574519,0.375721217,0.887755856,64.51678241,NA,0.243839583,0.309414352,-0.187170261,TRUE
118,"V5",24.75,16.1786,2.07731,"Light","LFD",0.357193026,0.050612694,22.15209978,6.919343,78.97205032,74.47701069,0.393600424,0.939664456,63.13625,NA,0.18129375,0.247547685,-0.036407398,TRUE
119,"V5",24.75,16.1786,2.07731,"Full day","LFD",0.372150501,0.088697,26.48133252,8.463202,89.3433544,82.95893557,0.443854742,0.927892903,149.1097313,NA,0.759499883,0.898347079,-0.071704241,TRUE
120,"V5",24.75,16.1786,2.07731,"Dark","LFD",0.387107977,0.126781306,26.48133252,8.463202,99.91034346,91.60089676,0.495057255,0.915899245,236.7053538,NA,1.348615566,1.561425708,-0.107949279,TRUE
121,"V6",26.25,17.40045,1.214505,"Full day","LFD",0.390868342,0.087223542,28.075854,8.009256,90.62772013,83.77478175,0.449818754,0.915370351,157.9869006,NA,0.776095088,0.922914503,-0.058950411,TRUE
122,"V6",26.25,17.40045,1.214505,"Light","LFD",0.227426777,0.056595694,21.97534456,6.838447,80.86657457,71.45621626,0.397725746,0.875719175,95.08858796,NA,0.420081713,0.510511111,-0.170298968,TRUE
123,"V6",26.25,17.40045,1.214505,"Dark","LFD",0.554309907,0.117851389,28.075854,8.009256,100.5965496,96.35544437,0.503020124,0.955865168,222.2234752,NA,1.139683215,1.344092435,0.051289784,TRUE
124,"V7",27.65,17.4676,3.162405,"Dark","LFD",0.585824271,0.116532528,35.66722922,8.387106,102.7950324,98.02813308,0.513534338,0.949669183,269.6096217,NA,1.349138298,1.592539243,0.072289933,TRUE
125,"V7",27.65,17.4676,3.162405,"Light","LFD",0.407705204,0.057500472,30.37473382,7.46843,82.80189196,76.20872532,0.410609106,0.914491883,98.11604167,NA,0.241882176,0.355640278,-0.002903902,TRUE
126,"V7",27.65,17.4676,3.162405,"Full day","LFD",0.496764738,0.0870165,35.66722922,8.387106,92.69323512,87.00359021,0.46153001,0.931895389,182.9602339,NA,0.789682573,0.967579766,0.035234727,TRUE
127,"V8",26.9,17.18825,1.949955,"Full day","LFD",0.403026447,0.088466083,28.90916408,9.358603,94.47625114,87.73411432,0.469364836,0.932227907,146.5086199,NA,0.706664094,0.841586667,-0.066338389,TRUE
128,"V8",26.9,17.18825,1.949955,"Light","LFD",0.379639346,0.080972139,25.14390468,8.426981,83.87355038,81.65854739,0.420860015,0.971682335,60.81034722,NA,0.189347222,0.24843125,-0.041220669,TRUE
129,"V8",26.9,17.18825,1.949955,"Dark","LFD",0.426413548,0.095960028,28.90916408,9.358603,105.3045413,93.93894864,0.518901674,0.891934023,234.03026,NA,1.234987707,1.447362411,-0.092488126,TRUE
130,"V9",30.7,17.19295,8.342995,"Dark","HFD",0.306110656,0.090067333,14.41067244,5.276334,99.24954354,78.15826899,0.477585497,0.786111094,102.6243632,NA,0.508461557,0.63051934,-0.171474841,TRUE
131,"V9",30.7,17.19295,8.342995,"Light","HFD",0.094185801,0.017801944,9.54087502,4.142045,80.8268834,62.65682017,0.387837191,0.772977505,25.02608796,NA,0.085978935,0.114040046,-0.29365139,TRUE
132,"V9",30.7,17.19295,8.342995,"Full day","HFD",0.200148228,0.053934639,14.41067244,5.276334,89.95212627,70.3351079,0.432291959,0.779482928,63.46261682,NA,0.295246028,0.369866238,-0.232143731,TRUE
133,"Y1",45.8,23.0259,18.5194,"Full day","HFD",0.59379726,0.077150685,43.3472,7.232,114.1030667,88.51519095,0.544855967,0.7748107,248.4938272,106.2716049,NA,NA,0.048941293,TRUE
134,"Y1",45.8,23.0259,18.5194,"Dark","HFD",0.758344444,0.093333333,43.0867,7.152,120.1440867,93.43161833,0.575,0.776608333,365.275,170.6916667,NA,NA,0.183344444,TRUE
135,"Y1",45.8,23.0259,18.5194,"Light","HFD",0.433697297,0.061405405,43.3472,7.232,108.2093886,83.71867642,0.515447154,0.773056911,134.5609756,43.42276423,NA,NA,-0.081749857,TRUE
136,"Y10",27.7,18.6398,3.88652,"Dark","LFD",1.363527778,0.147,73.726,11.592,98.21971667,104.4179583,0.500833333,1.061741667,804.1666667,424.0333333,NA,NA,0.862694444,TRUE
137,"Y10",27.7,18.6398,3.88652,"Light","LFD",0.689664865,0.090810811,74.108,11.676,79.11540976,82.55289106,0.408943089,1.043512195,181.8373984,72.76422764,NA,NA,0.280721775,TRUE
138,"Y10",27.7,18.6398,3.88652,"Full day","LFD",1.021980822,0.118520548,74.108,11.676,88.54963539,93.35045514,0.454320988,1.052514403,489.1604938,246.2304527,NA,NA,0.567659834,TRUE
139,"Y11",36.6,20.6884,11.3745,"Full day","HFD",0.612353425,0.085753425,44.7018,7.8,97.50506885,77.5736459,0.467213115,0.795053279,361.9467213,165.5122951,NA,NA,0.14514031,TRUE
140,"Y11",36.6,20.6884,11.3745,"Dark","HFD",0.778605556,0.103888889,43.5556,7.66,103.45308,82.72333333,0.498333333,0.799616667,516.5333333,246.6666667,NA,NA,0.280272222,TRUE
141,"Y11",36.6,20.6884,11.3745,"Light","HFD",0.450594595,0.068108108,44.7018,7.8,91.74892903,72.59007742,0.437096774,0.790637097,212.3467742,86.97580645,NA,NA,0.01349782,TRUE
142,"Y12",24.4,17.3299,2.15774,"Dark","LFD",1.282883333,0.193111111,67.232,12.54,103.4256925,104.3260075,0.525,1.008766667,799.0333333,421.55,NA,NA,0.757883333,TRUE
143,"Y12",24.4,17.3299,2.15774,"Full day","LFD",0.93930137,0.135917808,68.0724,12.738,95.86272459,94.72662582,0.480737705,0.987155738,490.0614754,249.1721311,NA,NA,0.458563665,TRUE
144,"Y12",24.4,17.3299,2.15774,"Light","LFD",0.605005405,0.08027027,68.0724,12.738,88.54372339,85.43690161,0.437903226,0.966241935,191.0564516,82.35483871,NA,NA,0.16710218,TRUE
145,"Y13",37.6,20.3647,12.1645,"Light","HFD",0.385821622,0.053513514,45.1707,7.72,97.00436532,74.15124274,0.450806452,0.763129032,200.0241935,70.24193548,NA,NA,-0.06498483,TRUE
146,"Y13",37.6,20.3647,12.1645,"Full day","HFD",0.625913699,0.087671233,45.1707,7.72,105.8481754,81.77768443,0.49795082,0.770627049,395.8770492,159.6803279,NA,NA,0.127962879,TRUE
147,"Y13",37.6,20.3647,12.1645,"Dark","HFD",0.872675,0.122777778,43.764,7.6,114.9867792,89.65834083,0.546666667,0.778375,598.2583333,252.1,NA,NA,0.326008333,TRUE
148,"Y14",25.5,17.9237,2.87113,"Light","LFD",0.674178378,0.080108108,65.895,12.578,91.26320732,89.49638455,0.45203252,0.981943089,157.7073171,46.3902439,NA,NA,0.222145858,TRUE
149,"Y14",25.5,17.9237,2.87113,"Full day","LFD",0.906857534,0.123109589,65.895,12.578,99.76888066,98.72099753,0.5,0.988995885,362.5473251,135.0082305,NA,NA,0.406857534,TRUE
150,"Y14",25.5,17.9237,2.87113,"Dark","LFD",1.146,0.167305556,65.895,12.483,108.4871958,108.1762258,0.549166667,0.996225,572.5083333,225.8416667,NA,NA,0.596833333,TRUE
151,"Y15",39.5,21.9955,12.9689,"Dark","HFD",0.685983333,0.192111111,38.8145,11.21,142.300125,108.199125,0.674166667,0.7591,723.5833333,285.1333333,NA,NA,0.011816667,TRUE
152,"Y15",39.5,21.9955,12.9689,"Full day","HFD",0.535273973,0.12909589,38.8145,11.381,131.2748333,98.9145,0.618930041,0.751658436,469.3909465,173.2263374,NA,NA,-0.083656069,TRUE
153,"Y15",39.5,21.9955,12.9689,"Light","HFD",0.388637838,0.067783784,38.8145,11.381,120.5184512,89.85632927,0.56504065,0.744398374,221.398374,64.04878049,NA,NA,-0.176402813,TRUE
154,"Y16",27.5,18.5024,4.19437,"Light","LFD",0.562675676,0.043243243,62.7244,7.008,100.2499171,93.28006992,0.500813008,0.929463415,247.5203252,110.398374,NA,NA,0.061862668,TRUE
155,"Y16",27.5,18.5024,4.19437,"Full day","LFD",0.864471233,0.06969863,62.7244,7.008,107.9979457,99.51882963,0.537860082,0.91817284,557.8271605,286.8930041,NA,NA,0.326611151,TRUE
156,"Y16",27.5,18.5024,4.19437,"Dark","LFD",1.17465,0.096888889,62.7244,7.008,115.939675,105.9135583,0.575833333,0.9066,875.8916667,467.8,NA,NA,0.598816667,TRUE
157,"Y2",24.4,17.3919,2.47982,"Dark","LFD",1.257416667,0.149333333,66.8118,11.403,88.98558,91.52135,0.455,1.02935,714.4166667,385.9916667,NA,NA,0.802416667,TRUE
158,"Y2",24.4,17.3919,2.47982,"Light","LFD",0.623589189,0.089108108,67.8814,11.445,72.00003577,73.28807805,0.362601626,1.018634146,175.6422764,76.35772358,NA,NA,0.260987563,TRUE
159,"Y2",24.4,17.3919,2.47982,"Full day","LFD",0.936161644,0.118808219,67.8814,11.445,80.38795885,82.29216296,0.408230453,1.023925926,441.7037037,229.2633745,NA,NA,0.527931191,TRUE
160,"Y3",37.1,20.9708,11.5645,"Dark","HFD",0.958061111,0.101111111,53.7672,8.16,108.6019025,84.02377083,0.514166667,0.773258333,619.5,284.25,NA,NA,0.443894444,TRUE
161,"Y3",37.1,20.9708,11.5645,"Light","HFD",0.559018919,0.084864865,54.705,8.22,93.34058374,72.69910894,0.439837398,0.778373984,215.0243902,86.23577236,NA,NA,0.119181521,TRUE
162,"Y3",37.1,20.9708,11.5645,"Full day","HFD",0.755806849,0.092876712,54.705,8.22,100.8770374,78.29153457,0.47654321,0.775847737,414.7654321,184.0205761,NA,NA,0.279263639,TRUE
163,"Y4",25.9,18.1891,2.81014,"Dark","LFD",1.477066667,0.156444444,77.8134,12.584,99.46463333,98.34855917,0.4975,0.989025,732.125,408.8833333,NA,NA,0.979566667,TRUE
164,"Y4",25.9,18.1891,2.81014,"Light","LFD",0.705151351,0.112378378,78.7684,12.848,81.66796423,79.75978699,0.417073171,0.977650407,159.5853659,65.43089431,NA,NA,0.288078181,TRUE
165,"Y4",25.9,18.1891,2.81014,"Full day","LFD",1.085821918,0.134109589,78.7684,12.848,90.4564428,88.93942757,0.456790123,0.98326749,442.3209877,235.037037,NA,NA,0.629031794,TRUE
166,"Y5",38.4,21.123,12.7692,"Dark","HFD",0.680194444,0.122777778,39.8044,7.64,103.78112,79.6544,0.500833333,0.76735,663.2666667,316.8083333,NA,NA,0.179361111,TRUE
167,"Y5",38.4,21.123,12.7692,"Light","HFD",0.423840541,0.051351351,40.117,7.72,89.1771871,68.16061935,0.425806452,0.763387097,181.3951613,50.25806452,NA,NA,-0.001965911,TRUE
168,"Y5",38.4,21.123,12.7692,"Full day","HFD",0.550261644,0.086575342,40.117,7.72,96.35944918,73.81329836,0.462704918,0.765336066,418.3811475,181.3483607,NA,NA,0.087556726,TRUE
169,"Y6",24.4,18.0168,1.82893,"Light","LFD",0.589518919,0.058027027,64.4052,10.07,80.74751613,75.53668065,0.404032258,0.936322581,54.37903226,32.54032258,NA,NA,0.185486661,TRUE
170,"Y6",24.4,18.0168,1.82893,"Full day","LFD",0.884879452,0.105150685,64.4052,10.07,91.7328959,87.38857623,0.457786885,0.950618852,198.7909836,118.8319672,NA,NA,0.427092567,TRUE
171,"Y6",24.4,18.0168,1.82893,"Dark","LFD",1.188444444,0.153583333,64.1378,10.07,103.084455,99.635535,0.513333333,0.965391667,348.0166667,208,NA,NA,0.675111111,TRUE
172,"Y9",40.3,22.1485,13.788,"Light","HFD",0.401310811,0.048,38.8145,7.808,106.6369919,83.05191057,0.517886179,0.777821138,167.8536585,64.2601626,NA,NA,-0.116575368,TRUE
173,"Y9",40.3,22.1485,13.788,"Full day","HFD",0.537415068,0.085041096,38.8145,7.808,113.7364712,88.97768519,0.547736626,0.780753086,306.3621399,133.7572016,NA,NA,-0.010321557,TRUE
174,"Y9",40.3,22.1485,13.788,"Dark","HFD",0.6773,0.123111111,38.2414,7.792,121.0134375,95.05160417,0.578333333,0.783758333,448.3333333,204.9916667,NA,NA,0.098966667,TRUE
1,"Y7",41.6,22.7255,14.1392,"Full day","HFD",0.679742188,0.098265625,41.9926,6.422,123.1696299,92.08393271,0.579439252,0.746943925,454.771028,186.3831776,NA,NA,0.100302935,TRUE
2,"Y7",41.6,22.7255,14.1392,"Dark","HFD",0.759791667,0.124027778,40.7422,6.308,128.8248,96.31717333,0.608333333,0.747,610.725,267.4833333,NA,NA,0.151458333,TRUE
3,"Y7",41.6,22.7255,14.1392,"Light","HFD",0.576821429,0.065142857,41.9926,6.422,115.9502638,86.67979574,0.542553191,0.74687234,255.6808511,82.85106383,NA,NA,0.034268237,TRUE
4,"Y8",24.5,17.5926,2.17749,"Full day","LFD",1.073778125,0.149,66.6972,9.632,103.3474413,100.253885,0.511737089,0.967361502,641.915493,307.9530516,NA,NA,0.562041036,TRUE
5,"Y8",24.5,17.5926,2.17749,"Dark","LFD",1.202238889,0.166222222,65.9332,9.488,108.7291625,107.3189833,0.539166667,0.984625,794.0583333,384.2833333,NA,NA,0.663072222,TRUE
6,"Y8",24.5,17.5926,2.17749,"Light","LFD",0.908614286,0.126857143,66.6972,9.632,96.40328495,91.13762903,0.476344086,0.945086022,445.6021505,209.4623656,NA,NA,0.4322702,TRUE
1,"D1",42.48,24.34,15.86,"Full day","HFD",1.351535294,0,22.2988,NA,128.3778853,99.78151105,0.616295597,0.777250467,440.1052632,171.2631579,NA,NA,0.735239697,FALSE
2,"D1",42.48,24.34,15.86,"Dark","HFD",0.994241667,0,22.2988,NA,130.717545,100.130961,0.625902688,0.765390624,479.525,177.9,NA,NA,0.368338979,FALSE
3,"D1",42.48,24.34,15.86,"Light","HFD",2.20904,0,10.3679,NA,122.8728035,98.95927588,0.593690678,0.805155978,347.3529412,155.6470588,NA,NA,1.615349322,FALSE
4,"D10",26.26,21.09,3.15,"Light","LFD",0.69524,0,2.9796,NA,88.66682588,89.04062588,0.447914893,1.004004435,398,146.1764706,NA,NA,0.247325107,FALSE
5,"D10",26.26,21.09,3.15,"Dark","LFD",0.665316667,0,10.9634,NA,101.08175,101.341541,0.510446921,1.002588368,501.2,183.475,NA,NA,0.154869746,FALSE
6,"D10",26.26,21.09,3.15,"Full day","LFD",0.674117647,0,10.9634,NA,97.37905333,97.67284702,0.491797018,1.003010704,470.4210526,172.3508772,NA,NA,0.182320629,FALSE
7,"D11",31.22,22.56,6.66,"Light","LFD",0.67232,0,2.7886,NA,102.024675,103.697645,0.51676884,1.017685746,287.5625,82.8125,NA,NA,0.15555116,FALSE
8,"D11",31.22,22.56,6.66,"Dark","LFD",0.913616667,0,13.752,NA,118.336511,118.890635,0.597857232,1.007257514,666.1,265.2,NA,NA,0.315759435,FALSE
9,"D11",31.22,22.56,6.66,"Full day","LFD",0.842647059,0,13.752,NA,113.6759864,114.5497807,0.57468912,1.010237009,557.9464286,213.0892857,NA,NA,0.267957939,FALSE
10,"D12",29.33,22.12,5.35,"Full day","LFD",0.680858824,0,11.46,NA,109.3753591,108.8724214,0.551461188,0.996788269,597.6428571,255.375,NA,NA,0.129397635,FALSE
11,"D12",29.33,22.12,5.35,"Light","LFD",0.74872,0,3.629,NA,99.66317625,102.1537688,0.505754646,1.025703202,337.4375,109.125,NA,NA,0.242965354,FALSE
12,"D12",29.33,22.12,5.35,"Dark","LFD",0.652583333,0,11.46,NA,113.2602323,111.5598825,0.569743805,0.985222296,701.725,313.875,NA,NA,0.082839528,FALSE
13,"D13",28.18,21.17,5.01,"Full day","LFD",0.705576471,0,11.6128,NA,113.2172786,109.7848536,0.567611343,0.970151435,684.4107143,261.7142857,NA,NA,0.137965128,FALSE
14,"D13",28.18,21.17,5.01,"Dark","LFD",0.690783333,0,11.6128,NA,116.7865513,112.1233763,0.584264253,0.959514776,786.675,322.325,NA,NA,0.106519081,FALSE
15,"D13",28.18,21.17,5.01,"Light","LFD",0.74108,0,3.3234,NA,104.2940969,103.9385469,0.525979069,0.996743082,428.75,110.1875,NA,NA,0.215100931,FALSE
16,"D14",43.22,24.65,16.5,"Light","HFD",0.75024,0,3.5428,NA,149.1877,115.9115541,0.716146904,0.776477715,470.3529412,186.5882353,NA,NA,0.034093096,FALSE
17,"D14",43.22,24.65,16.5,"Full day","HFD",0.646652941,0,10.7847,NA,145.2035011,110.5454842,0.694510303,0.760782411,484.0877193,162.122807,NA,NA,-0.047857362,FALSE
18,"D14",43.22,24.65,16.5,"Dark","HFD",0.603491667,0,10.7847,NA,143.5102165,108.2649045,0.685314748,0.754111907,489.925,151.725,NA,NA,-0.081823081,FALSE
19,"D15",35.62,21.36,12.28,"Dark","HFD",1.3546,0,25.3727,NA,135.707026,103.976362,0.649819246,0.766481556,460.75,140.525,NA,NA,0.704780754,FALSE
20,"D15",35.62,21.36,12.28,"Light","HFD",1.83392,0,9.1175,NA,138.6099153,110.2006541,0.6681436,0.796067542,430.9411765,163.7058824,NA,NA,1.1657764,FALSE
21,"D15",35.62,21.36,12.28,"Full day","HFD",1.495576471,0,25.3727,NA,136.5728,105.8327298,0.655284404,0.775305446,451.8596491,147.4385965,NA,NA,0.840292067,FALSE
22,"D16",35.86,24.23,9.91,"Full day","HFD",1.235076471,0,20.9963,NA,138.3519789,107.0887263,0.66368528,0.773088096,519.7192982,194.9824561,NA,NA,0.57139119,FALSE
23,"D16",35.86,24.23,9.91,"Light","HFD",1.4588,0,7.294,NA,135.8398588,109.0396588,0.655942746,0.801802224,435.4705882,199.9411765,NA,NA,0.802857254,FALSE
24,"D16",35.86,24.23,9.91,"Dark","HFD",1.141858333,0,20.9963,NA,139.41963,106.25958,0.666975857,0.760884592,555.525,192.875,NA,NA,0.474882476,FALSE
25,"D17",36.72,21.95,12.93,"Light","HFD",1.9798,0,9.6906,NA,132.6868706,104.5135059,0.638510895,0.787345163,631.1764706,221.5294118,NA,NA,1.341289105,FALSE
26,"D17",36.72,21.95,12.93,"Dark","HFD",2.053608333,0,34.386,NA,137.33357,103.21964,0.655392521,0.751478628,590.325,203.65,NA,NA,1.398215812,FALSE
27,"D17",36.72,21.95,12.93,"Full day","HFD",2.0319,0,34.386,NA,135.9477123,103.6055298,0.65035765,0.762175665,602.5087719,208.9824561,NA,NA,1.38154235,FALSE
28,"D2",39.68,23.45,14.41,"Light","HFD",2.35492,0,11.7746,NA,131.5042724,105.9361059,0.63542367,0.805069929,352.4117647,132,NA,NA,1.71949633,FALSE
29,"D2",39.68,23.45,14.41,"Full day","HFD",1.201364706,0,20.4232,NA,140.4099561,107.6120893,0.672374608,0.767130924,526.2280702,212.4035088,NA,NA,0.528990098,FALSE
30,"D2",39.68,23.45,14.41,"Dark","HFD",0.720716667,0,20.4232,NA,144.1948718,108.3243823,0.688078756,0.751006846,600.1,246.575,NA,NA,0.03263791,FALSE
31,"D3",30.03,23.43,4.29,"Dark","LFD",0.853133333,0,14.6306,NA,115.972395,117.9792425,0.587532251,1.01639205,788.35,364.175,NA,NA,0.265601082,FALSE
32,"D3",30.03,23.43,4.29,"Full day","LFD",0.876352941,0,14.6306,NA,113.3503982,115.9228246,0.574924563,1.022426205,757.6315789,348.3157895,NA,NA,0.301428378,FALSE
33,"D3",30.03,23.43,4.29,"Light","LFD",0.93208,0,4.393,NA,107.1809941,111.0841941,0.545259417,1.036624216,685.3529412,311,NA,NA,0.386820583,FALSE
34,"D4",39.23,22.51,14.48,"Full day","HFD",0.971511765,0,16.2552,NA,132.6179871,102.8258593,0.636372888,0.775115267,610.4107143,195.9464286,NA,NA,0.335138877,FALSE
35,"D4",39.23,22.51,14.48,"Dark","HFD",1.107125,0,16.2552,NA,136.046958,104.224287,0.651433123,0.765221485,704.85,238.675,NA,NA,0.455691877,FALSE
36,"D4",39.23,22.51,14.48,"Light","HFD",0.64604,0,2.9697,NA,124.04556,99.32979,0.5987223,0.79984972,374.3125,89.125,NA,NA,0.0473177,FALSE
37,"D5",34.13,22.74,8.73,"Light","LFD",0.79456,0,3.9728,NA,122.416145,121.89104,0.617253518,0.995487057,387.125,145.1875,NA,NA,0.177306482,FALSE
38,"D5",34.13,22.74,8.73,"Dark","LFD",0.96455,0,15.5474,NA,135.0745095,131.40961,0.677667671,0.971916469,741.05,369,NA,NA,0.286882329,FALSE
39,"D5",34.13,22.74,8.73,"Full day","LFD",0.914552941,0,15.5474,NA,131.4578339,128.6900186,0.660406484,0.978650922,639.9285714,305.0535714,NA,NA,0.254146457,FALSE
40,"D7",28.88,21.78,4.5,"Dark","LFD",0.808566667,0,13.7902,NA,120.4744878,120.7150105,0.608300758,1.001835457,718.125,300.575,NA,NA,0.200265909,FALSE
41,"D7",28.88,21.78,4.5,"Light","LFD",0.8404,0,4.0874,NA,120.43954,120.1671531,0.607557099,0.997360179,645.8125,201.0625,NA,NA,0.232842901,FALSE
42,"D7",28.88,21.78,4.5,"Full day","LFD",0.817929412,0,13.7902,NA,120.4645027,120.5584798,0.608088284,1.000556806,697.4642857,272.1428571,NA,NA,0.209841128,FALSE
43,"D8",26.87,21.75,3.24,"Light","LFD",0.8022,0,3.629,NA,111.6527435,114.35392,0.566498898,1.024073228,403.5294118,139.6470588,NA,NA,0.235701102,FALSE
44,"D8",26.87,21.75,3.24,"Dark","LFD",0.843583333,0,13.752,NA,119.318528,119.603232,0.602515493,1.002223616,594.825,253.15,NA,NA,0.24106784,FALSE
45,"D8",26.87,21.75,3.24,"Full day","LFD",0.831411765,0,13.752,NA,117.0322414,118.0376477,0.591773702,1.008740167,537.7719298,219.2982456,NA,NA,0.239638063,FALSE
46,"D9",44.09,24.49,17.7,"Dark","HFD",2.023216667,0,28.6029,NA,150.9155488,116.363221,0.7234559,0.770137947,631.175,273.225,NA,NA,1.299760767,FALSE
47,"D9",44.09,24.49,17.7,"Light","HFD",0.87528,0,4.3243,NA,149.2456971,118.6223265,0.719373585,0.793623985,556.4117647,221.1764706,NA,NA,0.155906415,FALSE
48,"D9",44.09,24.49,17.7,"Full day","HFD",1.685588235,0,28.6029,NA,150.4175228,117.0369893,0.722238368,0.777142555,608.877193,257.7017544,NA,NA,0.963349868,FALSE
49,"M1",24.75,21.71,1.805,"Full day","LFD",0.678611765,0,11.0398,NA,95.82352941,93.70588235,0.481279235,0.974452515,4600.176471,3264.294118,NA,NA,0.197332529,FALSE
50,"M1",24.75,21.71,1.805,"Light","LFD",0.29032,0,11.0398,NA,92.6,83.6,0.4573982,0.896502278,3618.6,2580.2,NA,NA,-0.1670782,FALSE
51,"M1",24.75,21.71,1.805,"Dark","LFD",0.8404,0,11.0398,NA,97.16666667,97.91666667,0.491229667,1.006931781,5009.166667,3549.333333,NA,NA,0.349170333,FALSE
52,"M10",33.65,22.265,10.585,"Dark","HFD",0.538366667,0,7.815,NA,119.0833333,91.75,0.570782917,0.769807662,3488.166667,2364.583333,NA,NA,-0.03241625,FALSE
53,"M10",33.65,22.265,10.585,"Full day","HFD",0.499547059,0,8.4402,NA,118.3529412,91.41176471,0.567530353,0.771969878,3018.705882,2028.882353,NA,NA,-0.067983294,FALSE
54,"M10",33.65,22.265,10.585,"Light","HFD",0.40638,0,8.4402,NA,116.6,90.6,0.5597242,0.777159197,1892,1223.2,NA,NA,-0.1533442,FALSE
55,"M11",41.6,23.895,17.02,"Dark","HFD",0.816233333,0,10.3158,NA,137.1666667,109.25,0.661404333,0.795556013,2802.333333,1883.416667,NA,NA,0.154829,FALSE
56,"M11",41.6,23.895,17.02,"Light","HFD",0.27092,0,10.7326,NA,121.4,93.4,0.5817378,0.768036864,2137.6,1363.8,NA,NA,-0.3108178,FALSE
57,"M11",41.6,23.895,17.02,"Full day","HFD",0.655847059,0,10.7326,NA,132.5294118,104.5882353,0.637973,0.787462145,2606.823529,1730.588235,NA,NA,0.017874059,FALSE
58,"M12",28.35,20.815,6.415,"Light","HFD",0.4689,0,11.6704,NA,108.6,87,0.5242146,0.801197453,1460.6,859.6,NA,NA,-0.0553146,FALSE
59,"M12",28.35,20.815,6.415,"Full day","HFD",0.711011765,0,11.6704,NA,117.4117647,95,0.567789765,0.80815111,2574.352941,1655.588235,NA,NA,0.143222,FALSE
60,"M12",28.35,20.815,6.415,"Dark","HFD",0.811891667,0,11.2015,NA,121.0833333,98.33333333,0.585946083,0.811048468,3038.416667,1987.25,NA,NA,0.225945583,FALSE
61,"M13",29.2,20.79,7.54,"Full day","HFD",0.683429412,0,10.6284,NA,113.8823529,90.70588235,0.549131059,0.797043146,3880.647059,2786.647059,NA,NA,0.134298353,FALSE
62,"M13",29.2,20.79,7.54,"Light","HFD",0.47932,0,10.6284,NA,107.2,84.2,0.5156004,0.786126332,2195.8,1449.2,NA,NA,-0.0362804,FALSE
63,"M13",29.2,20.79,7.54,"Dark","HFD",0.768475,0,9.899,NA,116.6666667,93.41666667,0.563102167,0.801591818,4582.666667,3343.916667,NA,NA,0.205372833,FALSE
64,"M2",29.05,24.375,3.2,"Dark","LFD",0.423383333,0,5.5772,NA,106.8333333,96.41666667,0.527667,0.896870125,4948.583333,3612.166667,NA,NA,-0.104283667,FALSE
65,"M2",29.05,24.375,3.2,"Full day","LFD",0.408964706,0,6.9524,NA,107.5294118,95.35294118,0.529233765,0.880848821,4965.823529,3633.411765,NA,NA,-0.120269059,FALSE
66,"M2",29.05,24.375,3.2,"Light","LFD",0.37436,0,6.9524,NA,109.2,92.8,0.532994,0.842397692,5007.2,3684.4,NA,NA,-0.158634,FALSE
67,"M3",26.55,22.39,3,"Light","LFD",0.3438,0,9.0152,NA,98.2,88.8,0.485219,0.901912754,3230.6,2218.2,NA,NA,-0.141419,FALSE
68,"M3",26.55,22.39,3,"Full day","LFD",0.539294118,0,9.0152,NA,100.1176471,93.58823529,0.498072235,0.933610074,3960.235294,2786.117647,NA,NA,0.041221882,FALSE
69,"M3",26.55,22.39,3,"Dark","LFD",0.62075,0,8.5568,NA,100.9166667,95.58333333,0.50342775,0.94681729,4264.25,3022.75,NA,NA,0.11732225,FALSE
70,"M4",27.3,22.925,3.155,"Full day","LFD",0.564011765,0,8.6332,NA,108.5294118,101.5294118,0.540005941,0.932838335,6538.352941,4880.235294,NA,NA,0.024005824,FALSE
71,"M4",27.3,22.925,3.155,"Light","LFD",0.32088,0,8.6332,NA,101.2,96,0.5050052,0.947511577,4152,3038.6,NA,NA,-0.1841252,FALSE
72,"M4",27.3,22.925,3.155,"Dark","LFD",0.665316667,0,8.1748,NA,111.5833333,103.8333333,0.554589583,0.926724484,7532.666667,5647.583333,NA,NA,0.110727083,FALSE
73,"M5",27.05,23.2,2.78,"Light","LFD",0.18336,0,8.6332,NA,105.2,88.4,0.5123636,0.832991461,6274.2,4763.6,NA,NA,-0.3290036,FALSE
74,"M5",27.05,23.2,2.78,"Dark","LFD",0.646216667,0,8.3276,NA,111.4166667,103.1666667,0.553195417,0.924091624,6634.75,4971.333333,NA,NA,0.09302125,FALSE
75,"M5",27.05,23.2,2.78,"Full day","LFD",0.510082353,0,8.6332,NA,109.5882353,98.82352941,0.541186059,0.897297458,6528.705882,4910.235294,NA,NA,-0.031103706,FALSE
76,"M6",26.85,23.57,2.01,"Light","LFD",0.39728,0,9.5882,NA,97.6,87.6,0.4815272,0.887608425,4933.2,3553.6,NA,NA,-0.0842472,FALSE
77,"M6",26.85,23.57,2.01,"Full day","LFD",0.566258824,0,9.5882,NA,105.4117647,99.35294118,0.525312118,0.937277045,4986.941176,3582.176471,NA,NA,0.040946706,FALSE
78,"M6",26.85,23.57,2.01,"Dark","LFD",0.636666667,0,8.3658,NA,108.6666667,104.25,0.543555833,0.957972304,5009.333333,3594.083333,NA,NA,0.093110833,FALSE
79,"M7",35.3,23.395,10.9,"Light","HFD",0.54184,0,8.7528,NA,114.4,90.4,0.5508328,0.789469657,2210.6,1398.4,NA,NA,-0.0089928,FALSE
80,"M7",35.3,23.395,10.9,"Full day","HFD",0.631329412,0,8.7528,NA,117,93.35294118,0.564345353,0.796860149,2794.823529,1847.647059,NA,NA,0.066984059,FALSE
81,"M7",35.3,23.395,10.9,"Dark","HFD",0.668616667,0,8.1276,NA,118.0833333,94.58333333,0.569975583,0.799939521,3038.25,2034.833333,NA,NA,0.098641083,FALSE
82,"M8",30.9,22.91,6.81,"Full day","HFD",0.6773,0,11.5141,NA,122.8823529,97.52941176,0.592146882,0.792022862,4756.764706,3442.647059,NA,NA,0.085153118,FALSE
83,"M8",30.9,22.91,6.81,"Dark","HFD",0.850966667,0,10.7847,NA,125,100.8333333,0.604146667,0.805213026,5048.5,3665.916667,NA,NA,0.24682,FALSE
84,"M8",30.9,22.91,6.81,"Light","HFD",0.2605,0,11.5141,NA,117.8,89.6,0.5633474,0.760366471,4056.6,2906.8,NA,NA,-0.3028474,FALSE
85,"V1",27.765,18.75865,3.438405,"Dark","LFD",0.640408675,0.11771305,10.81791721,1.823994,102.7056817,97.89288833,0.513032626,0.952377177,211.0814583,NA,1.007801389,1.197006944,0.127376049,FALSE
86,"V1",27.765,18.75865,3.438405,"Light","LFD",0.724032639,0.05677454,11.23103493,1.911944,93.615686,89.273199,0.467675577,0.950801761,113.7056167,NA,0.5158045,0.630095,0.256357062,FALSE
87,"V1",27.765,18.75865,3.438405,"Full day","LFD",0.665003958,0.099789959,11.23103493,1.911944,100.0321535,95.35768559,0.499692317,0.95191382,182.4415049,NA,0.863096422,1.030268137,0.165311641,FALSE
88,"V10",30.65,18.3412,10.85135,"Full day","HFD",0.576045581,0.087147176,9.426658274,1.568802,110.1370632,86.98656515,0.530257307,0.790370664,177.6604412,NA,0.6896825,0.901113186,0.045788274,FALSE
89,"V10",30.65,18.3412,10.85135,"Light","HFD",0.52981407,0.01067114,9.426658274,1.568802,101.698048,81.3087441,0.490719478,0.798865839,80.38216667,NA,0.154438333,0.260836667,0.039094591,FALSE
90,"V10",30.65,18.3412,10.85135,"Dark","HFD",0.59530871,0.119012192,9.426658274,1.568802,113.6533196,89.35232392,0.546731403,0.786831007,218.1930556,NA,0.912700903,1.167895069,0.048577308,FALSE
91,"V11",31.95,18.6417,11.4288,"Dark","HFD",0.603920363,0.0635307,8.7923439,1.035653,105.6903341,83.88833363,0.509306104,0.795792307,170.67875,NA,0.517599375,0.695449444,0.094614259,FALSE
92,"V11",31.95,18.6417,11.4288,"Light","HFD",0.309059909,0.02021486,8.7923439,1.076642,93.447359,74.5934221,0.450776367,0.800128088,90.56205,NA,0.136622667,0.211733333,-0.141716457,FALSE
93,"V11",31.95,18.6417,11.4288,"Full day","HFD",0.5171967,0.050790747,8.7923439,1.076642,102.0894591,81.15453612,0.492091475,0.797067536,147.1150147,NA,0.405547402,0.55318,0.025105225,FALSE
94,"V12",30.9,18.696,11.4203,"Full day","HFD",0.556589081,0.059232235,9.231316618,1.074348,103.6190424,82.30789018,0.499395172,0.795242347,161.552598,NA,0.567651225,0.743966029,0.057193909,FALSE
95,"V12",30.9,18.696,11.4203,"Dark","HFD",0.618722147,0.072085675,9.231316618,1.074348,107.2041588,84.79128875,0.516270755,0.791641804,202.2902778,NA,0.761067153,0.980302778,0.102451392,FALSE
96,"V12",30.9,18.696,11.4203,"Light","HFD",0.407469724,0.02838398,9.231316618,1.074348,95.014763,76.3477336,0.458893774,0.803883649,63.78216667,NA,0.103453,0.176757833,-0.051424051,FALSE
97,"V13",29.15,18.4233,6.51846,"Light","HFD",0.201568231,0.01819966,6.84397583,1.532838,93.153868,73.9462899,0.44890399,0.791247433,80.73116667,NA,0.424359833,0.517753333,-0.247335759,FALSE
98,"V13",29.15,18.4233,6.51846,"Dark","HFD",0.486344556,0.104594442,6.55770196,1.503578,102.3756333,81.79905542,0.493932126,0.798924304,164.6041667,NA,0.980459028,1.156918056,-0.00758757,FALSE
99,"V13",29.15,18.4233,6.51846,"Full day","HFD",0.402586814,0.079184212,6.84397583,1.532838,99.66334941,79.4894185,0.480688557,0.796666401,139.9356373,NA,0.816900441,0.968928431,-0.078101743,FALSE
100,"V14",30.1,17.5776,7.03663,"Light","HFD",0.533676972,0.03778074,9.88909579,1.809992,95.881447,77.7127181,0.463819049,0.809298172,86.87,NA,0.195935,0.283055,0.069857923,FALSE
101,"V14",30.1,17.5776,7.03663,"Dark","HFD",0.601725911,0.117192133,9.88909579,1.809138,106.6697775,86.14845992,0.51566579,0.807039815,278.8736111,NA,1.066910417,1.330240278,0.086060121,FALSE
102,"V14",30.1,17.5776,7.03663,"Full day","HFD",0.581711517,0.093835841,9.88909579,1.809992,103.4967391,83.66735938,0.500416748,0.807704038,222.4019608,NA,0.810741176,1.022244608,0.081294769,FALSE
103,"V15",29.5,18.1074,5.66058,"Full day","HFD",0.566536657,0.096258835,9.631123161,2.119525,100.3512469,81.54875194,0.485677184,0.815636393,160.5539216,NA,0.712165294,0.873933971,0.080859473,FALSE
104,"V15",29.5,18.1074,5.66058,"Dark","HFD",0.634680463,0.1212375,9.429230451,2.119525,105.4379965,85.77864675,0.510402328,0.816742538,192.0009028,NA,0.893028194,1.080863611,0.124278136,FALSE
105,"V15",29.5,18.1074,5.66058,"Light","HFD",0.40299152,0.03631004,9.631123161,2.119525,88.143048,71.3970044,0.426336839,0.812981644,85.08116667,NA,0.278094333,0.377302833,-0.023345319,FALSE
106,"V16",26.25,15.7924,5.288555,"Light","HFD",0.376036647,0.02786192,9.325782254,1.518725,80.2545203,67.2014744,0.390607895,0.837994645,57.96333333,NA,0.140733333,0.199428333,-0.014571248,FALSE
107,"V16",26.25,15.7924,5.288555,"Full day","HFD",0.548575427,0.074532212,9.325782254,1.518725,87.34627053,73.50848115,0.425532032,0.84398166,127.1568627,NA,0.464184804,0.59449902,0.123043394,FALSE
108,"V16",26.25,15.7924,5.288555,"Dark","HFD",0.620466585,0.093978167,9.325782254,1.512502,90.30116646,76.13640063,0.440083756,0.84647625,155.9875,NA,0.59895625,0.759111806,0.180382829,FALSE
109,"V2",27.02,17.3238,2.510465,"Light","LFD",0.527709851,0.08890976,10.12974115,2.352201,85.506465,84.438815,0.430370308,0.983982131,58.15,NA,0.242794333,0.293509833,0.097339543,FALSE
110,"V2",27.02,17.3238,2.510465,"Full day","LFD",0.595867127,0.127514876,10.12974115,2.352201,98.13894794,95.26763676,0.4921316,0.966310511,137.7843137,NA,0.757332157,0.875026225,0.103735527,FALSE
111,"V2",27.02,17.3238,2.510465,"Dark","LFD",0.624265992,0.143600342,10.12974115,2.352201,103.4024825,99.77964583,0.517865472,0.958947336,170.9652778,NA,0.971722917,1.117324722,0.10640052,FALSE
112,"V3",26.65,18.2229,3.203605,"Dark","LFD",0.606725539,0.115111417,8.4659604,2.12215,105.9429329,104.9260892,0.533569353,0.988915955,231.6240278,NA,0.956096528,1.191679861,0.073156185,FALSE
113,"V3",26.65,18.2229,3.203605,"Full day","LFD",0.526367462,0.110986494,8.94824686,2.174551,102.2718262,100.3759983,0.514069121,0.979373985,191.1231863,NA,0.738195098,0.937579902,0.012298341,FALSE
114,"V3",26.65,18.2229,3.203605,"Light","LFD",0.33350808,0.10108668,8.94824686,2.174551,93.46117,89.4557802,0.467268564,0.956473256,93.92116667,NA,0.215231667,0.32774,-0.133760484,FALSE
115,"V4",25.3,15.6914,1.723575,"Full day","LFD",0.538807899,0.129932053,9.159734284,2.631056,98.52761147,91.77024615,0.489795209,0.927984852,213.0441176,NA,2.966067157,3.087793627,0.04901269,FALSE
116,"V4",25.3,15.6914,1.723575,"Dark","LFD",0.645566694,0.173989383,9.027420944,2.631056,106.6982904,99.70967046,0.530776858,0.93153142,277.9852083,NA,4.075071528,4.222354861,0.114789836,FALSE
117,"V4",25.3,15.6914,1.723575,"Light","LFD",0.282586792,0.02419446,9.159734284,2.631056,78.917982,72.7156278,0.391439251,0.919473089,57.1855,NA,0.304456667,0.364846667,-0.108852459,FALSE
118,"V5",24.75,16.1786,2.07731,"Light","LFD",0.660824016,0.06290198,8.232363198,2.154162,81.354246,81.9885935,0.411296468,1.005582382,46.2155,NA,0.168478333,0.211151667,0.249527548,FALSE
119,"V5",24.75,16.1786,2.07731,"Full day","LFD",0.484256659,0.096099071,8.232363198,2.154162,89.79200559,87.72900515,0.450898574,0.976363884,154.8529412,NA,0.782032353,0.913455882,0.033358085,FALSE
120,"V5",24.75,16.1786,2.07731,"Dark","LFD",0.410686927,0.109931192,7.748006298,2.077018,93.30773875,90.12084333,0.467399451,0.96418951,200.1185417,NA,1.037679861,1.206082639,-0.056712525,FALSE
121,"V6",26.25,17.40045,1.214505,"Full day","LFD",0.362571458,0.098413741,6.153650988,2.08267,94.64979353,87.45183188,0.469736562,0.919510741,193.2787255,NA,1.057828431,1.221142157,-0.107165105,FALSE
122,"V6",26.25,17.40045,1.214505,"Light","LFD",0.476707197,0.10283058,6.153650988,2.08267,87.775817,85.2113859,0.440168288,0.971166872,124.4688333,NA,0.703118333,0.798486667,0.03653891,FALSE
123,"V6",26.25,17.40045,1.214505,"Dark","LFD",0.315014899,0.096573392,4.928313408,1.729161,97.51395042,88.38535104,0.482056677,0.897987353,221.9495139,NA,1.205624306,1.397248611,-0.167041778,FALSE
124,"V7",27.65,17.4676,3.162405,"Dark","LFD",0.565962605,0.123003525,9.065303884,2.121918,95.01774208,92.40559667,0.476665511,0.969427827,211.7847222,NA,0.961954861,1.149384722,0.089297094,FALSE
125,"V7",27.65,17.4676,3.162405,"Light","LFD",0.605878129,0.11357168,9.820941904,2.403613,90.234484,86.7636405,0.451574688,0.962212053,94.06666667,NA,0.499006667,0.59208,0.154303441,FALSE
126,"V7",27.65,17.4676,3.162405,"Full day","LFD",0.577702465,0.120229453,9.820941904,2.403613,93.61090147,90.74619779,0.469285857,0.96730554,177.1617647,NA,0.825793627,0.985471569,0.108416607,FALSE
127,"V8",26.9,17.18825,1.949955,"Full day","LFD",0.486979892,0.136101029,8.27865816,3.065799,100.5593891,96.89043691,0.503465376,0.962702113,204.3738529,NA,1.041686961,1.217177451,-0.016485484,FALSE
128,"V8",26.9,17.18825,1.949955,"Light","LFD",0.603864072,0.1119369,8.27865816,3.065799,89.59531,90.289694,0.452955518,1.006247568,74.97443333,NA,0.2132925,0.282203333,0.150908554,FALSE
129,"V8",26.9,17.18825,1.949955,"Dark","LFD",0.43827815,0.146169417,7.9423721,2.989045,105.1277554,99.64074646,0.52451115,0.944558174,258.2902778,NA,1.386851319,1.60675,-0.086233,FALSE
130,"V9",30.7,17.19295,8.342995,"Dark","HFD",0.421036859,0.084584875,7.004488115,1.39304,102.4964338,81.56063458,0.494144507,0.794231478,185.1527778,NA,0.856255417,1.043478958,-0.073107648,FALSE
131,"V9",30.7,17.19295,8.342995,"Light","HFD",0.390409162,0.02991952,7.004488115,1.39304,88.8368175,72.0145891,0.429754033,0.808799319,52.03333333,NA,0.0965725,0.1498015,-0.039344872,FALSE
132,"V9",30.7,17.19295,8.342995,"Full day","HFD",0.412028713,0.068506829,7.004488115,1.39304,98.47889956,78.75297415,0.475206133,0.798516137,146,NA,0.632819265,0.780632647,-0.06317742,FALSE
133,"Y1",45.8,23.0259,18.5194,"Full day","HFD",0.925541176,0.095058824,15.7342,1.616,124.1612556,98.84997037,0.598148148,0.794666667,370.4814815,185.7592593,NA,NA,0.327393028,FALSE
134,"Y1",45.8,23.0259,18.5194,"Dark","HFD",0.942141667,0.117333333,15.2653,1.6,125.797715,100.86992,0.6075,0.8005,428.475,218.6,NA,NA,0.334641667,FALSE
135,"Y1",45.8,23.0259,18.5194,"Light","HFD",0.8857,0.0416,15.7342,1.616,119.4856571,93.07868571,0.571428571,0.778,204.7857143,91.92857143,NA,NA,0.314271429,FALSE
136,"Y10",27.7,18.6398,3.88652,"Dark","LFD",1.146,0.20475,17.8776,3.024,90.618965,94.76325,0.4575,1.0471,746.15,394.975,NA,NA,0.6885,FALSE
137,"Y10",27.7,18.6398,3.88652,"Light","LFD",1.09252,0.1344,18.7944,3.129,85.88015714,87.34164286,0.442857143,1.019714286,436.5,207.4285714,NA,NA,0.649662857,FALSE
138,"Y10",27.7,18.6398,3.88652,"Full day","LFD",1.130270588,0.184058824,18.7944,3.129,89.39038519,92.83912963,0.453703704,1.04,665.8703704,346.3518519,NA,NA,0.676566885,FALSE
139,"Y11",36.6,20.6884,11.3745,"Full day","HFD",0.86941875,0.09625,14.1191,1.54,107.9786963,85.16746667,0.52037037,0.79,612.1296296,329.3518519,NA,NA,0.34904838,FALSE
140,"Y11",36.6,20.6884,11.3745,"Dark","HFD",0.811891667,0.125,12.8687,1.54,109.18744,86.16168,0.5225,0.79005,707.75,385.575,NA,NA,0.289391667,FALSE
141,"Y11",36.6,20.6884,11.3745,"Light","HFD",1.042,0.01,14.1191,1.54,104.5251429,82.32685714,0.514285714,0.789857143,338.9285714,168.7142857,NA,NA,0.527714286,FALSE
142,"Y12",24.4,17.3299,2.15774,"Dark","LFD",1.114166667,0.207166667,17.0372,2.816,99.5416175,101.787465,0.505,1.022725,675.825,362.325,NA,NA,0.609166667,FALSE
143,"Y12",24.4,17.3299,2.15774,"Full day","LFD",1.15555,0.187,18.0304,2.992,99.41521296,100.6506704,0.503703704,1.013407407,683.537037,373.4814815,NA,NA,0.651846296,FALSE
144,"Y12",24.4,17.3299,2.15774,"Light","LFD",1.2797,0.1265,18.0304,2.992,99.05405714,97.40268571,0.5,0.986785714,705.5714286,405.3571429,NA,NA,0.7797,FALSE
145,"Y13",37.6,20.3647,12.1645,"Light","HFD",0.534025,0.055,13.2334,1.54,111.6152143,84.35742857,0.535714286,0.756,179.3571429,60.85714286,NA,NA,-0.001689286,FALSE
146,"Y13",37.6,20.3647,12.1645,"Full day","HFD",0.82383125,0.09625,13.2334,1.54,116.8469556,90.50877407,0.561111111,0.77337037,512.5740741,229.5,NA,NA,0.262720139,FALSE
147,"Y13",37.6,20.3647,12.1645,"Dark","HFD",0.920433333,0.11,12.1914,1.32,118.678065,92.661745,0.57,0.77945,629.2,288.525,NA,NA,0.350433333,FALSE
148,"Y14",25.5,17.9237,2.87113,"Light","LFD",1.8336,0.2375,25.6704,3.724,102.7149923,101.0741462,0.507692308,0.985846154,627.8461538,259.3076923,NA,NA,1.325907692,FALSE
149,"Y14",25.5,17.9237,2.87113,"Full day","LFD",1.6617,0.23275,25.6704,3.724,105.0005019,105.2337415,0.528301887,1.001830189,660.0188679,300.0566038,NA,NA,1.133398113,FALSE
150,"Y14",25.5,17.9237,2.87113,"Dark","LFD",1.6044,0.231166667,24.83,3.591,105.7432925,106.58561,0.535,1.007025,670.475,313.3,NA,NA,1.0694,FALSE
151,"Y15",39.5,21.9955,12.9689,"Dark","HFD",0.8857,0.1615,13.5981,1.957,145.61775,111.786075,0.695,0.767225,602.225,239.75,NA,NA,0.1907,FALSE
152,"Y15",39.5,21.9955,12.9689,"Full day","HFD",0.88895625,0.1223125,14.2233,1.957,144.7393585,110.4159906,0.688679245,0.762660377,547.3018868,204.8867925,NA,NA,0.200277005,FALSE
153,"Y15",39.5,21.9955,12.9689,"Light","HFD",0.898725,0.00475,14.2233,1.957,142.0366154,106.2003462,0.669230769,0.748615385,378.3076923,97.61538462,NA,NA,0.229494231,FALSE
154,"Y16",27.5,18.5024,4.19437,"Light","LFD",1.13645,0.076,32.0498,2.048,117.1012769,105.0621385,0.561538462,0.906692308,677.8461538,334.1538462,NA,NA,0.574911538,FALSE
155,"Y16",27.5,18.5024,4.19437,"Full day","LFD",2.0055,0.128,32.0498,2.048,118.9465019,111.1726566,0.596226415,0.939471698,1081.320755,571.7924528,NA,NA,1.409273585,FALSE
156,"Y16",27.5,18.5024,4.19437,"Dark","LFD",2.295183333,0.145333333,30.9802,1.92,119.5462,113.158575,0.6075,0.950125,1212.45,649.025,NA,NA,1.687683333,FALSE
157,"Y2",24.4,17.3919,2.47982,"Dark","LFD",0.977283333,0.17675,15.6238,2.772,84.058,86.34184,0.43,1.0284,703.325,396.1,NA,NA,0.547283333,FALSE
158,"Y2",24.4,17.3919,2.47982,"Light","LFD",1.03904,0.168,16.3878,2.961,76.738,77.10748571,0.378571429,1.007642857,586.0714286,340.6428571,NA,NA,0.660468571,FALSE
159,"Y2",24.4,17.3919,2.47982,"Full day","LFD",0.995447059,0.174176471,16.3878,2.961,82.16022222,83.94774815,0.416666667,1.023018519,672.9259259,381.7222222,NA,NA,0.578780392,FALSE
160,"Y3",37.1,20.9708,11.5645,"Dark","HFD",0.994241667,0.11,14.8485,1.44,106.660645,84.0231525,0.5125,0.788,665.325,332.425,NA,NA,0.481741667,FALSE
161,"Y3",37.1,20.9708,11.5645,"Light","HFD",0.69814,0.064,15.4216,1.64,101.05775,80.07505,0.485714286,0.792785714,454.3571429,255.9285714,NA,NA,0.212425714,FALSE
162,"Y3",37.1,20.9708,11.5645,"Full day","HFD",0.907152941,0.096470588,15.4216,1.64,105.2080426,82.99957037,0.505555556,0.789240741,610.6296296,312.5925926,NA,NA,0.401597386,FALSE
163,"Y4",25.9,18.1891,2.81014,"Dark","LFD",1.301983333,0.187,21.01,3.058,92.8197725,96.41534,0.4675,1.0396,679.2,375.95,NA,NA,0.834483333,FALSE
164,"Y4",25.9,18.1891,2.81014,"Light","LFD",1.35228,0.1936,22.1178,3.212,90.28,89.3772,0.45,0.993214286,646.5714286,361.1428571,NA,NA,0.90228,FALSE
165,"Y4",25.9,18.1891,2.81014,"Full day","LFD",1.316776471,0.188941176,22.1178,3.212,92.16131296,94.59063704,0.462962963,1.027574074,670.7407407,372.1111111,NA,NA,0.853813508,FALSE
166,"Y5",38.4,21.123,12.7692,"Dark","HFD",0.7294,0.116666667,9.8469,1.4,104.44704,80.42112,0.4975,0.7695,621.65,315.85,NA,NA,0.2319,FALSE
167,"Y5",38.4,21.123,12.7692,"Light","HFD",0.54705,0.005,10.941,1.42,101.5378286,76.00457143,0.478571429,0.748928571,177.3571429,51.28571429,NA,NA,0.068478571,FALSE
168,"Y5",38.4,21.123,12.7692,"Full day","HFD",0.6838125,0.08875,10.941,1.42,103.6928,79.27608889,0.492592593,0.764166667,506.462963,247.2592593,NA,NA,0.191219907,FALSE
169,"Y6",24.4,18.0168,1.82893,"Light","LFD",1.528,0.11875,21.2774,2.527,87.87647143,84.29541429,0.442857143,0.964428571,138.7142857,79.14285714,NA,NA,1.085142857,FALSE
170,"Y6",24.4,18.0168,1.82893,"Full day","LFD",1.370425,0.1579375,21.2774,2.527,98.08976667,96.186,0.496296296,0.980851852,381.1296296,222.2962963,NA,NA,0.874128704,FALSE
171,"Y6",24.4,18.0168,1.82893,"Dark","LFD",1.3179,0.171,20.055,2.394,101.66442,100.347705,0.515,0.9866,465.975,272.4,NA,NA,0.8029,FALSE
172,"Y9",40.3,22.1485,13.788,"Light","HFD",0.54184,0.0064,13.546,1.6,125.9001786,98.66982143,0.592857143,0.783714286,481.7857143,242.8571429,NA,NA,-0.051017143,FALSE
173,"Y9",40.3,22.1485,13.788,"Full day","HFD",0.799888235,0.094117647,13.546,1.6,125.7693056,99.15171296,0.598148148,0.787777778,485.8333333,251.8148148,NA,NA,0.201740087,FALSE
174,"Y9",40.3,22.1485,13.788,"Dark","HFD",0.907408333,0.130666667,12.8687,1.6,125.7235,99.320375,0.6,0.7892,487.25,254.95,NA,NA,0.307408333,FALSE
