"X","Subject.ID","Total.Mass","Lean.Mass","Fat.Mass","Time.of.Day","Group","Hourly.Food.Intake","Hourly.Water.Intake","Cumulative.Food.Intake","Cumulative.Water.Intake","Oxygen.Consumption","Carbon.Dioxide.Production","Energy.Expenditure","Respiratory.Exchange.Ratio","Locomotor.Activity","Ambulatory.Activity","Pedestrian.Locomotion","Total.Distance..includes.fine.movement.","Energy.Balance","Acclimated"
1,"D1",22.59,17.82,2.85,"Full day","UC Davis",0.452033333,0,27.122,NA,95.12801759,85.43400191,0.469389515,0.894324903,0.139037954,302.7688442,NA,NA,-0.017356181,TRUE
2,"D1",22.59,17.82,2.85,"Dark","UC Davis",0.591336,0,27.122,NA,107.1485106,98.6553088,0.531385035,0.919688599,0.225404775,536.5903614,NA,NA,0.059950965,TRUE
3,"D1",22.59,17.82,2.85,"Light","UC Davis",0.352531429,0,26.7782,NA,86.52714759,75.97392888,0.425030651,0.876176741,0.077241004,135.4655172,NA,NA,-0.072499222,TRUE
4,"D10",19.44,15.3,2.54,"Full day","UC Davis",0.411424324,0,30.4454,NA,85.84523433,76.38179421,0.422794334,0.883555932,0.14146075,269.0688259,NA,NA,-0.011370009,TRUE
5,"D10",19.44,15.3,2.54,"Dark","UC Davis",0.513577778,0,29.6814,NA,94.33775733,87.34572042,0.468389475,0.923660839,0.193919115,401.6916667,NA,NA,0.045188303,TRUE
6,"D10",19.44,15.3,2.54,"Light","UC Davis",0.314647368,0,30.4454,NA,77.82080315,66.0221789,0.37971231,0.845661531,0.091893791,143.7559055,NA,NA,-0.065064942,TRUE
7,"D11",22.2,17.42,2.74,"Dark","UC Davis",0.564511111,0,30.5982,NA,104.6224905,95.9729355,0.518463313,0.915395021,0.18833152,386.1583333,NA,NA,0.046047799,TRUE
8,"D11",22.2,17.42,2.74,"Light","UC Davis",0.319673684,0,32.47,NA,88.91097213,77.24279307,0.435828665,0.868882531,0.070550838,95.73228346,NA,NA,-0.11615498,TRUE
9,"D11",22.2,17.42,2.74,"Full day","UC Davis",0.438783784,0,32.47,NA,96.54409846,86.34245741,0.475975052,0.891479692,0.127772222,236.8299595,NA,NA,-0.037191268,TRUE
10,"D12",20.96,16.2,2.77,"Full day","UC Davis",0.508472973,0,37.627,NA,90.89583887,85.02174211,0.452254545,0.932636582,0.142648452,337.0850202,NA,NA,0.056218428,TRUE
11,"D12",20.96,16.2,2.77,"Dark","UC Davis",0.634544444,0,36.1754,NA,98.20750917,95.34368667,0.492485906,0.971806467,0.19919115,490.3,NA,NA,0.142058539,TRUE
12,"D12",20.96,16.2,2.77,"Light","UC Davis",0.389036842,0,37.627,NA,83.98717402,75.26872362,0.41424066,0.895625668,0.08922228,192.3149606,NA,NA,-0.025203818,TRUE
13,"D13",21.01,16.03,3.07,"Full day","UC Davis",0.444648,0,33.1958,NA,88.20357526,79.91882385,0.436000511,0.900635751,0.141840497,254.7975709,NA,NA,0.008647489,TRUE
14,"D13",21.01,16.03,3.07,"Light","UC Davis",0.293846154,0,33.1958,NA,81.90788858,70.32095575,0.400573967,0.855714154,0.084443035,110.976378,NA,NA,-0.106727813,TRUE
15,"D13",21.01,16.03,3.07,"Dark","UC Davis",0.608016667,0,31.6296,NA,94.86651033,90.07656758,0.473493603,0.948177776,0.202586144,407.0083333,NA,NA,0.134523063,TRUE
16,"D14",21.17,16.25,2.98,"Dark","UC Davis",0.4584,0,27.4658,NA,104.2120189,92.21057433,0.512684456,0.880440139,0.145564019,298.3666667,NA,NA,-0.054284456,TRUE
17,"D14",21.17,16.25,2.98,"Full day","UC Davis",0.370794667,0,27.6568,NA,97.6658266,84.95393397,0.478860073,0.865163834,0.109201605,202.6315789,NA,NA,-0.108065407,TRUE
18,"D14",21.17,16.25,2.98,"Light","UC Davis",0.289928205,0,27.6568,NA,91.48044803,78.09726591,0.446900027,0.850729529,0.074843419,112.1732283,NA,NA,-0.156971822,TRUE
19,"D15",20.09,15.43,2.63,"Full day","UC Davis",0.392696,0,29.2994,NA,98.74628664,85.89354105,0.484157371,0.863673806,0.122809954,254.0647773,NA,NA,-0.091461371,TRUE
20,"D15",20.09,15.43,2.63,"Dark","UC Davis",0.478561111,0,28.1916,NA,106.3512117,96.39152983,0.52573915,0.904211012,0.168057671,370.5833333,NA,NA,-0.047178039,TRUE
21,"D15",20.09,15.43,2.63,"Light","UC Davis",0.313435897,0,29.2994,NA,91.56053071,75.97418157,0.444867501,0.825370935,0.080056206,143.9685039,NA,NA,-0.131431603,TRUE
22,"D16",21.25,16.42,2.77,"Dark","UC Davis",0.618627778,0,34.3418,NA,106.2950408,100.9511858,0.530560756,0.947109641,0.157912586,329.0666667,NA,NA,0.088067022,TRUE
23,"D16",21.25,16.42,2.77,"Light","UC Davis",0.334005128,0,35.2204,NA,91.29905469,77.59441445,0.445629,0.846643085,0.08094056,140.375,NA,NA,-0.111623872,TRUE
24,"D16",21.25,16.42,2.77,"Full day","UC Davis",0.470624,0,35.2204,NA,98.55517702,88.89607802,0.486725011,0.895255935,0.118185089,231.6774194,NA,NA,-0.016101011,TRUE
25,"D17",20.43,16,2.35,"Full day","UC Davis",0.410013333,0,30.56,NA,91.76122399,81.34976069,0.451603822,0.878055322,0.117456738,198.8870968,NA,NA,-0.041590489,TRUE
26,"D17",20.43,16,2.35,"Dark","UC Davis",0.524188889,0,29.4522,NA,100.610232,93.36213025,0.499763445,0.924716294,0.15594124,282.7916667,NA,NA,0.024425444,TRUE
27,"D17",20.43,16,2.35,"Light","UC Davis",0.304620513,0,30.56,NA,83.46527898,70.08816422,0.406454176,0.834310661,0.081377516,120.2265625,NA,NA,-0.101833663,TRUE
28,"D2",23.44,18.03,3.59,"Full day","UC Davis",0.576183333,0,34.0362,NA,93.67124809,88.09990171,0.466596876,0.939739197,0.113218978,210.2713568,NA,NA,0.109586457,TRUE
29,"D2",23.44,18.03,3.59,"Light","UC Davis",0.476954286,0,33.6542,NA,87.1391975,80.75020621,0.432725299,0.926968272,0.071599565,109.3793103,NA,NA,0.044228987,TRUE
30,"D2",23.44,18.03,3.59,"Dark","UC Davis",0.715104,0,34.0362,NA,102.800379,98.3717653,0.513935466,0.95758772,0.17138587,351.2771084,NA,NA,0.201168534,TRUE
31,"D3",23.81,18.51,2.64,"Full day","UC Davis",0.548806667,0,32.3554,NA,100.5091183,93.05221809,0.499022199,0.921653152,0.198447078,522.9246231,NA,NA,0.049784468,TRUE
32,"D3",23.81,18.51,2.64,"Dark","UC Davis",0.74872,0,32.3554,NA,109.8713229,106.1570247,0.550412566,0.966109911,0.30429094,836.2771084,NA,NA,0.198307434,TRUE
33,"D3",23.81,18.51,2.64,"Light","UC Davis",0.406011429,0,31.5914,NA,93.81029957,83.67550302,0.462251505,0.889843575,0.122713969,298.7155172,NA,NA,-0.056240077,TRUE
34,"D4",21.69,16.85,2.63,"Light","UC Davis",0.411468571,0,28.8792,NA,89.25569017,78.86616504,0.438982653,0.882874462,0.106719493,171.0769231,NA,NA,-0.027514082,TRUE
35,"D4",21.69,16.85,2.63,"Dark","UC Davis",0.614256,0,29.605,NA,107.0559216,99.43193518,0.531879092,0.927913892,0.256730076,599.0843373,NA,NA,0.082376908,TRUE
36,"D4",21.69,16.85,2.63,"Full day","UC Davis",0.495963333,0,29.605,NA,96.6427862,87.40095965,0.477534675,0.901565826,0.168973885,348.7,NA,NA,0.018428658,TRUE
37,"D5",22.36,17.45,2.54,"Dark","UC Davis",0.640232,0,29.1466,NA,115.7196786,107.8816212,NA,NA,0.241556432,600.1204819,NA,NA,NA,TRUE
38,"D5",22.36,17.45,2.54,"Light","UC Davis",0.375451429,0,28.7646,NA,102.7306332,88.53009385,NA,NA,0.090910782,188.6068376,NA,NA,NA,TRUE
39,"D5",22.36,17.45,2.54,"Full day","UC Davis",0.485776667,0,29.1466,NA,108.121087,96.5609777,NA,NA,0.153428727,359.385,NA,NA,NA,TRUE
40,"D7",22.36,17.22,2.78,"Dark","UC Davis",0.597448,0,27.2748,NA,111.9890735,102.9308632,NA,NA,0.29099233,776.804878,NA,NA,NA,TRUE
41,"D7",22.36,17.22,2.78,"Light","UC Davis",0.352531429,0,27.0838,NA,97.03066915,84.95388855,NA,NA,0.08477442,153.7948718,NA,NA,NA,TRUE
42,"D7",22.36,17.22,2.78,"Full day","UC Davis",0.45458,0,27.2748,NA,103.1944338,92.36148613,NA,NA,0.169748634,410.5125628,NA,NA,NA,TRUE
43,"D8",21.15,16.6,2.31,"Light","UC Davis",0.333977143,0,29.2994,NA,97.91926547,82.17704479,NA,NA,0.066661086,95.38461538,NA,NA,NA,TRUE
44,"D8",21.15,16.6,2.31,"Full day","UC Davis",0.495963333,0,29.7578,NA,104.8931078,93.44372603,NA,NA,0.123193771,239.6984925,NA,NA,NA,TRUE
45,"D8",21.15,16.6,2.31,"Dark","UC Davis",0.722744,0,29.7578,NA,114.8435902,109.5193566,NA,NA,0.203856259,445.6097561,NA,NA,NA,TRUE
46,"D9",23.2,18.03,2.98,"Dark","UC Davis",0.47368,0,28.1534,NA,117.3812488,103.3509951,NA,NA,0.211475888,515.2439024,NA,NA,NA,TRUE
47,"D9",23.2,18.03,2.98,"Light","UC Davis",0.474771429,0,28.1534,NA,101.5085538,90.63304615,NA,NA,0.083492834,173.1452991,NA,NA,NA,TRUE
48,"D9",23.2,18.03,2.98,"Full day","UC Davis",0.474316667,0,28.1534,NA,108.0490613,95.87360804,NA,NA,0.13622957,314.1105528,NA,NA,NA,TRUE
49,"M1",17.45,15.81,0.805,"Dark","Umass",0.674866667,0,30.6746,NA,92.91666667,92.05555556,0.467998028,0.985890518,0.293002331,5831.388889,NA,NA,0.206868639,TRUE
50,"M1",17.45,15.81,0.805,"Light","Umass",0.194638095,0,32.47,NA,79.07142857,66.33333333,0.384985167,0.833603543,0.094693186,1742.619048,NA,NA,-0.190347071,TRUE
51,"M1",17.45,15.81,0.805,"Full day","Umass",0.416282051,0,32.47,NA,85.46153846,78.20512821,0.423298795,0.903889839,0.186220484,3629.74359,NA,NA,-0.007016744,TRUE
52,"M10",19,17,1.02,"Light","Umass",0.080947619,0,36.0226,NA,85.64285714,70.64285714,0.4156495,0.82171653,0.076809435,1354.880952,NA,NA,-0.334701881,TRUE
53,"M10",19,17,1.02,"Full day","Umass",0.461828205,0,36.0226,NA,90.32051282,83.23076923,0.448006372,0.913654696,0.156511849,2930.076923,NA,NA,0.013821833,TRUE
54,"M10",19,17,1.02,"Dark","Umass",0.906188889,0,35.7934,NA,95.77777778,97.91666667,0.485756056,1.02091589,0.249497998,4767.805556,NA,NA,0.420432833,TRUE
55,"M11",20.6,18.755,1.17,"Full day","Umass",0.475051282,0,36.6338,NA,94.26923077,87.29487179,0.468063167,0.912047279,0.176347812,3294.512821,NA,NA,0.006988115,TRUE
56,"M11",20.6,18.755,1.17,"Light","Umass",0.140066667,0,36.6338,NA,85.14285714,69.54761905,0.412467667,0.812950293,0.076690264,1315.571429,NA,NA,-0.272401,TRUE
57,"M11",20.6,18.755,1.17,"Dark","Umass",0.865866667,0,35.9844,NA,104.9166667,108,0.532924583,1.027660429,0.292614951,5603.277778,NA,NA,0.332942083,TRUE
58,"M12",19.45,17.745,0.995,"Full day","Umass",0.468684615,0,36.5574,NA,88.91025641,83.01282051,0.4422075,0.924723993,0.137481668,2555.961538,NA,NA,0.026477115,TRUE
59,"M12",19.45,17.745,0.995,"Dark","Umass",0.785222222,0,36.3282,NA,95.36111111,97.75,0.483929639,1.023356842,0.210844933,4010.416667,NA,NA,0.301292583,TRUE
60,"M12",19.45,17.745,0.995,"Light","Umass",0.197366667,0,36.5574,NA,83.38095238,70.38095238,0.406445667,0.840181552,0.074598869,1309.285714,NA,NA,-0.209079,TRUE
61,"M13",16.7,15.385,0.755,"Full day","Umass",0.470153846,0,34.0362,NA,89.02564103,83.28205128,0.44296,0.924122697,0.204366508,3911.435897,NA,NA,0.027193846,TRUE
62,"M13",16.7,15.385,0.755,"Dark","Umass",0.724738889,0,33.807,NA,97.25,97.97222222,0.491619528,1.005411347,0.299763964,5885.833333,NA,NA,0.233119361,TRUE
63,"M13",16.7,15.385,0.755,"Light","Umass",0.251938095,0,34.0362,NA,81.97619048,70.69047619,0.401251833,0.854446711,0.12259726,2219.095238,NA,NA,-0.149313738,TRUE
64,"M2",20.2,18.16,1.255,"Light","Umass",0.209190476,0,35.8698,NA,84.19047619,72.78571429,0.412295667,0.85920079,0.085644421,1551.833333,NA,NA,-0.20310519,TRUE
65,"M2",20.2,18.16,1.255,"Full day","Umass",0.459869231,0,35.8698,NA,91.29487179,84.21794872,0.452938141,0.914093192,0.174568723,3340.051282,NA,NA,0.00693109,TRUE
66,"M2",20.2,18.16,1.255,"Dark","Umass",0.752327778,0,34.7238,NA,99.58333333,97.55555556,0.500354361,0.978134328,0.278313741,5426.305556,NA,NA,0.251973417,TRUE
67,"M3",19.25,17.315,1.24,"Dark","Umass",0.90725,0,35.5642,NA,104.3055556,109.3055556,0.531960139,1.046446364,0.248663805,4806.111111,NA,NA,0.375289861,TRUE
68,"M3",19.25,17.315,1.24,"Full day","Umass",0.463787179,0,36.1754,NA,96.44871795,91.07692308,0.480835474,0.933661882,0.158009281,2982.282051,NA,NA,-0.017048295,TRUE
69,"M3",19.25,17.315,1.24,"Light","Umass",0.08367619,0,36.1754,NA,89.71428571,75.45238095,0.437014333,0.836989469,0.080305404,1419,NA,NA,-0.353338143,TRUE
70,"M4",18.9,16.805,1.27,"Light","Umass",0.186452381,0,32.8138,NA,81.02380952,68.64285714,0.395233833,0.844475887,0.095377279,1708.690476,NA,NA,-0.208781452,TRUE
71,"M4",18.9,16.805,1.27,"Full day","Umass",0.453012821,0,32.8138,NA,88.98717949,81.91025641,0.441291218,0.910919866,0.209909507,4101.602564,NA,NA,0.011721603,TRUE
72,"M4",18.9,16.805,1.27,"Dark","Umass",0.764,0,32.3172,NA,98.27777778,97.38888889,0.495024833,0.988437841,0.343530441,6893.333333,NA,NA,0.268975167,TRUE
73,"M5",20.15,18.14,1.025,"Light","Umass",0.16462381,0,39.0786,NA,91.04761905,78.95238095,0.44614,0.865542287,0.094675902,1716.619048,NA,NA,-0.28151619,TRUE
74,"M5",20.15,18.14,1.025,"Dark","Umass",0.909372222,0,38.1236,NA,106.4722222,108.4166667,0.539515861,1.017677547,0.329039256,6585.25,NA,NA,0.369856361,TRUE
75,"M5",20.15,18.14,1.025,"Full day","Umass",0.508353846,0,39.0786,NA,98.16666667,92.55128205,0.489236551,0.935758561,0.202843604,3963.679487,NA,NA,0.019117295,TRUE
76,"M6",20.05,18.2,1.07,"Dark","Umass",0.92635,0,38.7348,NA,107.7222222,109.6111111,0.545763167,1.01603673,0.248382557,4759.472222,NA,NA,0.380586833,TRUE
77,"M6",20.05,18.2,1.07,"Full day","Umass",0.5348,0,40.874,NA,98.15384615,91.97435897,0.488547949,0.925037702,0.172749957,3286.551282,NA,NA,0.046252051,TRUE
78,"M6",20.05,18.2,1.07,"Light","Umass",0.199185714,0,40.874,NA,89.95238095,76.85714286,0.439506333,0.847038535,0.107922013,2024.047619,NA,NA,-0.240320619,TRUE
79,"M7",19.9,18.355,0.96,"Light","Umass",0.085495238,0,35.7552,NA,87.80952381,71.9047619,0.425584,0.815973693,0.102156348,1872.02381,NA,NA,-0.340088762,TRUE
80,"M7",19.9,18.355,0.96,"Dark","Umass",0.893455556,0,35.4496,NA,99.94444444,103.1111111,0.507921944,1.029889621,0.251654589,4778,NA,NA,0.385533611,TRUE
81,"M7",19.9,18.355,0.96,"Full day","Umass",0.4584,0,35.7552,NA,93.41025641,86.30769231,0.463586128,0.914704121,0.171155536,3213.24359,NA,NA,-0.005186128,TRUE
82,"M8",18.4,16.93,0.87,"Full day","Umass",0.514230769,0,39.346,NA,95.65384615,88.46153846,0.474810269,0.918143185,0.222408197,4296.089744,NA,NA,0.0394205,TRUE
83,"M8",18.4,16.93,0.87,"Dark","Umass",0.825544444,0,38.8876,NA,102.4444444,102,0.516545556,0.994311482,0.353909033,6996.916667,NA,NA,0.308998889,TRUE
84,"M8",18.4,16.93,0.87,"Light","Umass",0.247390476,0,39.346,NA,89.83333333,76.85714286,0.439037167,0.852856073,0.109693195,1981.095238,NA,NA,-0.19164669,TRUE
85,"V1",20.175,14.51665,1.38258,"Full day","Vanderbilt",0.356047819,0.069565529,30.07402342,7.246289,67.30568119,64.39828389,0.336476191,0.944318419,0.183851232,NA,0.610691346,0.785832158,0.019571628,TRUE
86,"V1",20.175,14.51665,1.38258,"Dark","Vanderbilt",0.4641491,0.12124959,29.16027942,7.023488,76.30416535,77.21870796,0.386118606,1.005603172,0.261274541,NA,1.056460648,1.30402662,0.078030494,TRUE
87,"V1",20.175,14.51665,1.38258,"Light","Vanderbilt",0.264396733,0.025746435,30.07402342,7.246289,59.59269476,53.40934897,0.293925549,0.89178863,0.117488395,NA,0.228603373,0.341665476,-0.029528816,TRUE
88,"V10",19.16,13.6533,1.61944,"Dark","Vanderbilt",0.404481679,0.116418205,20.71141734,7.677029,76.58016931,72.45072625,0.381932952,0.935659212,0.203398001,NA,0.988954167,1.198514583,0.022548728,TRUE
89,"V10",19.16,13.6533,1.61944,"Full day","Vanderbilt",0.245261482,0.076029329,20.84722598,7.805935,67.97749498,60.64130678,0.334968594,0.87728303,0.134766641,NA,0.567540064,0.716774679,-0.089707112,TRUE
90,"V10",19.16,13.6533,1.61944,"Light","Vanderbilt",0.110270445,0.041786587,20.84722598,7.805935,60.60377413,50.51894724,0.29471343,0.827246302,0.075939761,NA,0.206327976,0.303854762,-0.184442985,TRUE
91,"V11",19.68,13.59575,1.186955,"Light","Vanderbilt",0.200732197,0.040881087,24.1856424,7.406363,61.92384518,54.0471824,0.303818059,0.865340832,0.008324681,NA,0.132491667,0.142450198,-0.103085861,TRUE
92,"V11",19.68,13.59575,1.186955,"Full day","Vanderbilt",0.284536969,0.073017329,24.1856424,7.406363,69.15875709,63.97583202,0.343311933,0.912463008,0.022536564,NA,0.281170833,0.309332906,-0.058774963,TRUE
93,"V11",19.68,13.59575,1.186955,"Dark","Vanderbilt",0.383383624,0.110921615,23.7690714,7.329558,77.59948766,75.55925657,0.389388119,0.96743888,0.039117094,NA,0.454629861,0.504029398,-0.006004495,TRUE
94,"V12",19.14,13.5901,1.47194,"Full day","Vanderbilt",0.381504164,0.080458388,32.42785394,8.284643,71.16036412,63.43527747,0.350602411,0.879792224,0.186181276,NA,0.708617842,0.887675214,0.030901753,TRUE
95,"V12",19.14,13.5901,1.47194,"Light","Vanderbilt",0.258499649,0.052499978,32.42785394,8.284643,63.72810681,54.23375069,0.311134998,0.844613522,0.118299335,NA,0.253041865,0.379109722,-0.052635349,TRUE
96,"V12",19.14,13.5901,1.47194,"Dark","Vanderbilt",0.526586412,0.113434974,31.42250634,8.203478,79.831331,74.17039204,0.396647727,0.920834043,0.265376874,NA,1.240123148,1.48100162,0.129938685,TRUE
97,"V13",18.86,13.4804,1.393305,"Full day","Vanderbilt",0.225572303,0.080696824,19.17364578,8.18972,68.44669513,61.56512886,0.337839458,0.888160027,0.107713674,NA,0.630410897,0.747850321,-0.112267155,TRUE
98,"V13",18.86,13.4804,1.393305,"Light","Vanderbilt",0.15811661,0.045022348,19.17364578,8.18972,61.94639817,53.94593395,0.303794958,0.862824893,0.063663398,NA,0.27819504,0.351395833,-0.145678348,TRUE
99,"V13",18.86,13.4804,1.393305,"Dark","Vanderbilt",0.305135429,0.12277441,19.17064708,8.098884,76.03037491,70.45418958,0.377558042,0.917717684,0.159105663,NA,1.041329398,1.210380556,-0.072422613,TRUE
100,"V14",19.015,13.43955,1.24546,"Light","Vanderbilt",0.223000555,0.045529661,27.10678494,7.173854,68.03862819,58.43538609,0.33276977,0.851514002,0.128570582,NA,0.250994048,0.375685119,-0.109769215,TRUE
101,"V14",19.015,13.43955,1.24546,"Dark","Vanderbilt",0.432019472,0.105355795,25.91662574,6.865919,83.49908519,76.57704194,0.413764101,0.907728862,0.248401944,NA,1.133644676,1.356579167,0.018255371,TRUE
102,"V14",19.015,13.43955,1.24546,"Full day","Vanderbilt",0.318903352,0.072979299,27.10678494,7.173854,75.17422373,66.80845802,0.370151769,0.877459322,0.183877365,NA,0.658371261,0.828405449,-0.051248417,TRUE
103,"V15",18.805,13.18985,1.619665,"Dark","Vanderbilt",0.457889393,0.110698308,29.50185236,9.501287,79.0008631,74.45453688,0.393689117,0.93139104,0.243461966,NA,1.43563912,1.641056713,0.064200276,TRUE
104,"V15",18.805,13.18985,1.619665,"Light","Vanderbilt",0.279176811,0.062439652,30.56648636,9.726071,62.84842867,54.65637387,0.308135608,0.862717325,0.112158032,NA,0.405350794,0.519568254,-0.028958797,TRUE
105,"V15",18.805,13.18985,1.619665,"Full day","Vanderbilt",0.361174349,0.084581859,30.56648636,9.726071,70.30339841,63.79398756,0.347621843,0.894412886,0.172759848,NA,0.880868483,1.037178312,0.013552506,TRUE
106,"V16",16.7,11.25405,2.094025,"Full day","Vanderbilt",0.296474559,0.078476201,25.20033754,7.638165,63.41832329,59.11595819,0.315313862,0.924408217,0.145400672,NA,0.515301816,0.646499145,-0.018839303,TRUE
107,"V16",16.7,11.25405,2.094025,"Dark","Vanderbilt",0.498262777,0.105886513,24.175252,7.311153,68.10179269,65.92911125,0.341306763,0.962521352,0.206643305,NA,0.774885417,0.960146759,0.156956014,TRUE
108,"V16",16.7,11.25405,2.094025,"Light","Vanderbilt",0.125393244,0.055237024,25.20033754,7.638165,59.40392095,53.27611272,0.293034232,0.891739815,0.092906986,NA,0.292801587,0.377658333,-0.167640988,TRUE
109,"V2",20.285,14.6791,1.349935,"Full day","Vanderbilt",0.2828137,0.081759412,24.0391645,8.310786,72.79464641,65.39331361,0.359208707,0.882786221,0.158919628,NA,0.801799252,0.939124786,-0.076395007,TRUE
110,"V2",20.285,14.6791,1.349935,"Dark","Vanderbilt",0.430497741,0.120797667,23.7839885,8.072781,83.91175481,79.16662606,0.418254516,0.933358726,0.237210978,NA,1.397265972,1.601859954,0.012243225,TRUE
111,"V2",20.285,14.6791,1.349935,"Light","Vanderbilt",0.157603318,0.048661761,24.0391645,8.310786,63.26569635,53.58761722,0.308598015,0.83943836,0.091812756,NA,0.291399206,0.371066071,-0.150994697,TRUE
112,"V3",20.25,14.63275,1.6523,"Dark","Vanderbilt",0.337743537,0.159068846,16.89639098,9.39338,85.68313405,80.85844206,0.427106672,0.937270554,0.279429938,NA,1.265435648,1.530108333,-0.089363135,TRUE
113,"V3",20.25,14.63275,1.6523,"Full day","Vanderbilt",0.206542951,0.090477729,17.55615082,9.487952,75.28385514,67.44226502,0.371284821,0.883444905,0.171257481,NA,0.680073825,0.846299145,-0.16474187,TRUE
114,"V3",20.25,14.63275,1.6523,"Light","Vanderbilt",0.095307671,0.032324391,17.55615082,9.487952,66.3701875,55.9426847,0.323437519,0.837308634,0.078538232,NA,0.178335119,0.260176984,-0.228129848,TRUE
115,"V4",18.095,13.02585,1.335265,"Light","Vanderbilt",0.179738308,0.043187217,24.6951349,9.166758,63.11022331,55.239152,0.309811893,0.868902097,0.125134624,NA,0.328808929,0.458061706,-0.130073585,TRUE
116,"V4",18.095,13.02585,1.335265,"Full day","Vanderbilt",0.290530999,0.085087447,24.6951349,9.166758,71.40539163,65.1583375,0.353473769,0.901584211,0.19253585,NA,0.846308226,1.024804808,-0.06294277,TRUE
117,"V4",18.095,13.02585,1.335265,"Dark","Vanderbilt",0.421209557,0.134508231,24.6951349,9.068478,81.08308801,76.73072058,0.404412625,0.939713344,0.271170613,NA,1.450057407,1.686005093,0.016796932,TRUE
118,"V5",19.37,13.80405,1.485965,"Dark","Vanderbilt",0.325516109,0.176791923,15.53160048,11.95369,78.52210063,74.66167519,0.392031409,0.945825769,0.242641523,NA,1.138630093,1.364012963,-0.066515301,TRUE
119,"V5",19.37,13.80405,1.485965,"Light","Vanderbilt",0.063987657,0.058630696,15.63856048,12.27934,62.58198659,54.83946857,0.307288063,0.871800788,0.058505489,NA,0.271556349,0.327098016,-0.243300405,TRUE
120,"V5",19.37,13.80405,1.485965,"Full day","Vanderbilt",0.183983064,0.112845847,15.63856048,12.27934,69.9389623,63.98817932,0.346400376,0.905966164,0.143491351,NA,0.671744231,0.805674145,-0.162417312,TRUE
121,"V6",17.225,12.76905,0.876712,"Light","Vanderbilt",0.067620893,0.035024478,23.51980494,8.978824,62.85136901,55.95333563,0.309581635,0.883117182,0.13851287,NA,0.365096627,0.505586706,-0.241960742,TRUE
122,"V6",17.225,12.76905,0.876712,"Dark","Vanderbilt",0.523313946,0.150342513,23.49207556,8.620271,77.95416738,75.14436475,0.390327042,0.956326094,0.279534226,NA,1.267323611,1.511829167,0.132986904,TRUE
123,"V6",17.225,12.76905,0.876712,"Full day","Vanderbilt",0.276703588,0.087935106,23.51980494,8.978824,69.82189134,64.81073369,0.346848746,0.91690591,0.20359965,NA,0.781509081,0.970006303,-0.070145158,TRUE
124,"V7",20.015,14.1576,1.52009,"Dark","Vanderbilt",0.397519289,0.138003923,22.5720553,9.857669,78.8335028,74.99946664,0.393632244,0.941730298,0.199011743,NA,0.905712731,1.099337269,0.003887045,TRUE
125,"V7",20.015,14.1576,1.52009,"Full day","Vanderbilt",0.272303352,0.096489271,23.14578492,10.25661,71.17412706,65.42136332,0.352853261,0.907176546,0.122773794,NA,0.530766239,0.652242308,-0.080549909,TRUE
126,"V7",20.015,14.1576,1.52009,"Light","Vanderbilt",0.166142014,0.061292065,23.14578492,10.25661,64.60894786,57.21156048,0.317899847,0.877559044,0.057426981,NA,0.209383532,0.269018056,-0.151757832,TRUE
127,"V8",18.77,13.3126,1.66873,"Full day","Vanderbilt",0.312668438,0.098074235,26.57681724,10.59433,69.50497906,62.18316429,0.342693702,0.884919544,0.184321842,NA,0.834555876,1.013195406,-0.030025264,TRUE
128,"V8",18.77,13.3126,1.66873,"Dark","Vanderbilt",0.512392272,0.129415795,25.70524604,10.08155,77.60905597,71.17407468,0.384575817,0.907661887,0.272876539,NA,1.438215741,1.689804861,0.127816455,TRUE
129,"V8",18.77,13.3126,1.66873,"Light","Vanderbilt",0.143337362,0.071502043,26.57681724,10.59433,62.55862742,54.47666968,0.306794747,0.865426108,0.108417816,NA,0.317133135,0.433244444,-0.163457385,TRUE
130,"V9",19.48,14.3678,1.043034,"Full day","Vanderbilt",0.343816538,0.080326012,29.22440576,7.935133,70.11272663,62.88379339,0.345863729,0.884332639,0.035204167,NA,0.191952169,0.237609744,-0.002047191,TRUE
131,"V9",19.48,14.3678,1.043034,"Light","Vanderbilt",0.112510958,0.039723435,29.22440576,7.935133,64.981953,55.25250562,0.317203146,0.845108611,0.027949423,NA,0.09517869,0.129459722,-0.204692187,TRUE
132,"V9",19.48,14.3678,1.043034,"Dark","Vanderbilt",0.616638505,0.128216231,29.22440576,7.642015,76.09862921,71.78696245,0.379301076,0.930094006,0.043668036,NA,0.30485456,0.363784769,0.237337428,TRUE
133,"Y1",20.05,14.90785,1.604605,"Full day","Yale",0.703271795,0,54.7788,NA,83.73804615,81.37966154,0.420017546,0.972114638,0.111355622,200.2615385,NA,NA,0.283254249,TRUE
134,"Y1",20.05,14.90785,1.604605,"Dark","Yale",0.815621622,0,52.334,NA,90.21669593,88.79032195,0.453746095,0.984538694,0.168516295,316.2439024,NA,NA,0.361875527,TRUE
135,"Y1",20.05,14.90785,1.604605,"Light","Yale",0.601882927,0,54.7788,NA,77.92144818,74.72629489,0.389735709,0.960960193,0.060036187,96.13138686,NA,NA,0.212147217,TRUE
136,"Y10",20.8,15.36125,1.91354,"Dark","Yale",0.752643243,0,45.1906,NA,86.62353629,85.83457097,0.436316392,0.992059486,0.139677693,214.7822581,NA,NA,0.316326851,TRUE
137,"Y10",20.8,15.36125,1.91354,"Full day","Yale",0.613158974,0,47.5208,NA,79.03951269,77.19257692,0.39686971,0.975895958,0.092309869,130.6423077,NA,NA,0.216289265,TRUE
138,"Y10",20.8,15.36125,1.91354,"Light","Yale",0.487282927,0,47.5208,NA,72.12466765,69.31311176,0.360903617,0.961158623,0.049121559,53.92647059,NA,NA,0.12637931,TRUE
139,"Y11",19.5,14.6509,1.473765,"Light","Yale",0.491009756,0,67.805,NA,79.96785588,71.17631912,0.393874329,0.890108036,0.082474034,131.6617647,NA,NA,0.097135427,TRUE
140,"Y11",19.5,14.6509,1.473765,"Dark","Yale",1.297767568,0,65.6276,NA,94.27761452,88.63238548,0.469575497,0.941540957,0.252861602,472.8467742,NA,NA,0.82819207,TRUE
141,"Y11",19.5,14.6509,1.473765,"Full day","Yale",0.873702564,0,67.805,NA,86.79251,79.50152,0.429977963,0.914637583,0.163735797,294.3807692,NA,NA,0.443724601,TRUE
142,"Y12",19.1,14.6819,1.096827,"Dark","Yale",0.812524324,0,50.233,NA,90.64141452,86.81892823,0.453239549,0.958026467,0.258349764,473.7016129,NA,NA,0.359284775,TRUE
143,"Y12",19.1,14.6819,1.096827,"Light","Yale",0.572068293,0,53.098,NA,79.04195294,69.61735368,0.38850113,0.879724211,0.103602816,160.9779412,NA,NA,0.183567163,TRUE
144,"Y12",19.1,14.6819,1.096827,"Full day","Yale",0.686130769,0,53.098,NA,84.57400385,77.82118154,0.419376376,0.917068364,0.177405207,310.1230769,NA,NA,0.266754393,TRUE
145,"Y13",18.35,13.9532,1.17415,"Dark","Yale",0.753675676,0,43.2424,NA,93.91277097,89.27079032,0.468843725,0.949802723,0.20598974,357.9193548,NA,NA,0.284831951,TRUE
146,"Y13",18.35,13.9532,1.17415,"Full day","Yale",0.572510256,0,44.6176,NA,87.64146731,79.59929615,0.433431844,0.904108205,0.130983632,217.1961538,NA,NA,0.139078412,TRUE
147,"Y13",18.35,13.9532,1.17415,"Light","Yale",0.409019512,0,44.6176,NA,81.92351397,70.78116912,0.401144542,0.862445556,0.062595709,88.88970588,NA,NA,0.007874971,TRUE
148,"Y14",20.55,15.2508,1.825665,"Dark","Yale",0.783616216,0,49.3544,NA,102.7499919,98.67117073,0.514068032,0.9591474,0.335702882,672.7317073,NA,NA,0.269548184,TRUE
149,"Y14",20.55,15.2508,1.825665,"Light","Yale",0.573931707,0,52.525,NA,87.48473723,82.46624088,0.435985011,0.942467624,0.081264794,126.7591241,NA,NA,0.137946696,TRUE
150,"Y14",20.55,15.2508,1.825665,"Full day","Yale",0.673397436,0,52.525,NA,94.70637692,90.13241923,0.472924287,0.950358441,0.201633581,385.0461538,NA,NA,0.200473149,TRUE
151,"Y15",20,14.911,1.475415,"Full day","Yale",0.654297436,0,50.5768,NA,90.30825269,83.30736808,0.448042771,0.920738905,0.182828349,320.0692308,NA,NA,0.206254665,TRUE
152,"Y15",20,14.911,1.475415,"Dark","Yale",0.824913514,0,48.0938,NA,97.08716341,92.29135528,0.484694749,0.951164332,0.286685439,536.1219512,NA,NA,0.340218765,TRUE
153,"Y15",20,14.911,1.475415,"Light","Yale",0.500326829,0,50.5768,NA,84.22207737,75.24145255,0.41513625,0.893422646,0.089584392,126.0948905,NA,NA,0.085190579,TRUE
154,"Y16",19.5,14.49355,1.669435,"Full day","Yale",0.814933333,0,63.4502,NA,80.57148,75.52182115,0.401059338,0.937294802,0.147244352,248.8384615,NA,NA,0.413873996,TRUE
155,"Y16",19.5,14.49355,1.669435,"Light","Yale",0.707165854,0,63.4502,NA,76.24994964,70.70944234,0.378705694,0.928832905,0.082035203,124.9124088,NA,NA,0.328460159,TRUE
156,"Y16",19.5,14.49355,1.669435,"Dark","Yale",0.934351351,0,58.9808,NA,85.38489187,80.88195041,0.425957298,0.946719841,0.219875679,386.8699187,NA,NA,0.508394053,TRUE
157,"Y2",19.65,14.73265,1.5480065,"Light","Yale",0.566478049,0,53.9002,NA,74.04477372,70.79414745,0.370108779,0.956986488,0.074614072,135.3211679,NA,NA,0.19636927,TRUE
158,"Y2",19.65,14.73265,1.5480065,"Dark","Yale",0.834205405,0,51.1116,NA,86.57873171,88.44933659,0.439031746,1.023414005,0.187548599,360.2195122,NA,NA,0.39517366,TRUE
159,"Y2",19.65,14.73265,1.5480065,"Full day","Yale",0.693476923,0,53.9002,NA,79.9743,79.14641,0.402714644,0.988411813,0.128040791,241.7153846,NA,NA,0.290762279,TRUE
160,"Y3",18.85,14.1859,1.53337,"Dark","Yale",0.856918919,0,46.7186,NA,77.57255935,78.62721301,0.392675148,1.015120624,0.216553711,409.7886179,NA,NA,0.464243771,TRUE
161,"Y3",18.85,14.1859,1.53337,"Light","Yale",0.445356098,0,49.9274,NA,67.81269489,62.8488,0.336760601,0.927144797,0.067990202,105.0729927,NA,NA,0.108595497,TRUE
162,"Y3",18.85,14.1859,1.53337,"Full day","Yale",0.640584615,0,49.9274,NA,72.42986154,70.31320308,0.363212483,0.96876413,0.138272169,249.2269231,NA,NA,0.277372133,TRUE
163,"Y4",18.8,14.23335,1.458135,"Full day","Yale",0.282582051,0,22.4998,NA,75.01945385,72.34800115,0.375668558,0.962689955,0.15920835,315.9615385,NA,NA,-0.093086506,TRUE
164,"Y4",18.8,14.23335,1.458135,"Dark","Yale",0.578162162,0,20.7426,NA,80.21686504,80.05750813,0.404678268,1.000442259,0.238825164,489.8130081,NA,NA,0.173483894,TRUE
165,"Y4",18.8,14.23335,1.458135,"Light","Yale",0.015839024,0,22.4998,NA,70.35316496,65.42632701,0.349623343,0.928795551,0.08772756,159.8759124,NA,NA,-0.333784319,TRUE
166,"Y5",19.05,14.1533,1.701465,"Dark","Yale",0.896151351,0,48.0556,NA,78.21716341,80.36764146,0.39714045,1.032576293,0.295830055,655.3739837,NA,NA,0.499010902,TRUE
167,"Y5",19.05,14.1533,1.701465,"Light","Yale",0.432312195,0,50.3858,NA,68.56476131,64.92695912,0.34202294,0.948019945,0.081843117,137.3941606,NA,NA,0.090289255,TRUE
168,"Y5",19.05,14.1533,1.701465,"Full day","Yale",0.652338462,0,50.3858,NA,73.13109,72.23158962,0.368097762,0.988021602,0.183075399,382.4384615,NA,NA,0.2842407,TRUE
169,"Y6",19.2,14.3286,1.680655,"Full day","Yale",0.590630769,0,46.0692,NA,76.71177,73.70076308,0.383834131,0.959232632,0.150251404,302.5576923,NA,NA,0.206796638,TRUE
170,"Y6",19.2,14.3286,1.680655,"Dark","Yale",0.804264865,0,44.7322,NA,82.27362602,81.54889106,0.414433437,0.992646564,0.243007532,514.4796748,NA,NA,0.389831428,TRUE
171,"Y6",19.2,14.3286,1.680655,"Light","Yale",0.397839024,0,46.0692,NA,71.71827883,66.65463358,0.356361762,0.929233263,0.066974004,112.2919708,NA,NA,0.041477262,TRUE
172,"Y7",19.6,14.7355,1.062317,"Full day","Yale",0.531371795,0,41.1796,NA,81.605775,74.06955,0.403529283,0.901973488,0.148787602,303.9346154,NA,NA,0.127842511,TRUE
173,"Y7",19.6,14.7355,1.062317,"Light","Yale",0.419268293,0,41.1796,NA,76.53294526,69.32862044,0.378293792,0.899895161,0.081101624,151.0437956,NA,NA,0.040974501,TRUE
174,"Y7",19.6,14.7355,1.062317,"Dark","Yale",0.655594595,0,40.9886,NA,87.256,79.35009756,0.431637107,0.904288374,0.224177675,474.2276423,NA,NA,0.223957487,TRUE
175,"Y8",19.6,14.35105,1.640567,"Full day","Yale",0.663602564,0,51.7228,NA,74.23169769,72.16239,0.372358724,0.968523695,0.136186931,253.3923077,NA,NA,0.29124384,TRUE
176,"Y8",19.6,14.35105,1.640567,"Dark","Yale",0.900281081,0,49.7746,NA,80.36348293,81.36953659,0.406707193,1.013457449,0.205909147,400.9837398,NA,NA,0.493573888,TRUE
177,"Y8",19.6,14.35105,1.640567,"Light","Yale",0.450014634,0,51.7228,NA,68.72651825,63.89611971,0.341520318,0.928181711,0.073589613,120.8832117,NA,NA,0.108494317,TRUE
178,"Y9",20.85,15.37325,1.865015,"Full day","Yale",0.652338462,0,50.8824,NA,82.28688077,79.57178077,0.412298984,0.966408306,0.157561708,254.15,NA,NA,0.240039478,TRUE
179,"Y9",20.85,15.37325,1.865015,"Light","Yale",0.527346341,0,50.8824,NA,75.95166176,71.93916912,0.378890212,0.948285651,0.079309398,114.8676471,NA,NA,0.14845613,TRUE
180,"Y9",20.85,15.37325,1.865015,"Dark","Yale",0.790843243,0,47.4826,NA,89.23518548,87.94303226,0.448940863,0.986284766,0.243386823,406.9112903,NA,NA,0.34190238,TRUE
1,"D1",22.59,17.82,2.85,"Full day","UC Davis",0.870557895,0,16.1586,NA,101.9237663,100.8442802,0.513215338,0.988745139,0.194076442,468.578125,NA,NA,0.357342557,FALSE
2,"D1",22.59,17.82,2.85,"Dark","UC Davis",0.8595,0,15.1272,NA,107.1657305,106.1263635,0.539715913,0.988846995,0.249102285,631.975,NA,NA,0.319784088,FALSE
3,"D1",22.59,17.82,2.85,"Light","UC Davis",0.889514286,0,16.1586,NA,93.18715917,92.04080792,0.469047713,0.988575379,0.102366703,196.25,NA,NA,0.420466573,FALSE
4,"D10",19.44,15.3,2.54,"Full day","UC Davis",0.583052632,0,11.1162,NA,90.79206571,85.58302048,0.452466337,0.941779875,0.199174396,440.8095238,NA,NA,0.130586295,FALSE
5,"D10",19.44,15.3,2.54,"Dark","UC Davis",0.6685,0,10.4668,NA,97.047482,93.03494075,0.485360745,0.960984695,0.261844396,616.85,NA,NA,0.183139255,FALSE
6,"D10",19.44,15.3,2.54,"Light","UC Davis",0.436571429,0,11.1162,NA,79.91308087,72.62315913,0.39525867,0.908380187,0.090183091,134.6521739,NA,NA,0.041312759,FALSE
7,"D11",22.2,17.42,2.74,"Dark","UC Davis",0.748083333,0,13.4082,NA,104.2183105,104.826708,0.526662685,1.006699265,0.239287269,579.75,NA,NA,0.221420648,FALSE
8,"D11",22.2,17.42,2.74,"Light","UC Davis",0.8022,0,14.5924,NA,89.01861826,86.87667913,0.446907983,0.977319791,0.101641671,154,NA,NA,0.355292017,FALSE
9,"D11",22.2,17.42,2.74,"Full day","UC Davis",0.768021053,0,14.5924,NA,98.66921651,98.27352286,0.497545889,0.995973425,0.189035701,424.3174603,NA,NA,0.270475164,FALSE
10,"D12",20.96,16.2,2.77,"Full day","UC Davis",0.820294737,0,14.9362,NA,99.51317778,99.90822222,0.502679935,1.003463629,0.212138798,558.7142857,NA,NA,0.317614802,FALSE
11,"D12",20.96,16.2,2.77,"Dark","UC Davis",0.939083333,0,14.3632,NA,105.61075,106.4699475,0.533967735,1.007940163,0.263269859,734.05,NA,NA,0.405115598,FALSE
12,"D12",20.96,16.2,2.77,"Light","UC Davis",0.616657143,0,14.9362,NA,88.90870435,88.49652609,0.44826637,0.995678352,0.123215215,253.7826087,NA,NA,0.168390773,FALSE
13,"D13",21.01,16.03,3.07,"Full day","UC Davis",0.480515789,0,8.977,NA,84.59027047,76.33227844,0.417793753,0.898539344,0.188931583,440.71875,NA,NA,0.062722036,FALSE
14,"D13",21.01,16.03,3.07,"Light","UC Davis",0.545714286,0,8.977,NA,79.52564792,73.63336417,0.394849088,0.921128308,0.099156692,136.3333333,NA,NA,0.150865198,FALSE
15,"D13",21.01,16.03,3.07,"Dark","UC Davis",0.442483333,0,8.6332,NA,87.629044,77.951627,0.431560553,0.884985965,0.242796518,623.35,NA,NA,0.010922781,FALSE
16,"D14",21.17,16.25,2.98,"Dark","UC Davis",0.764,0,13.4082,NA,105.2475353,103.9736965,0.529775455,0.986406823,0.179167573,408.45,NA,NA,0.234224545,FALSE
17,"D14",21.17,16.25,2.98,"Full day","UC Davis",0.741884211,0,14.134,NA,102.2950673,99.81797906,0.513543553,0.973700528,0.155974565,338.53125,NA,NA,0.228340657,FALSE
18,"D14",21.17,16.25,2.98,"Light","UC Davis",0.703971429,0,14.134,NA,97.3742875,92.89178333,0.486490383,0.952523371,0.11731955,222,NA,NA,0.217481045,FALSE
19,"D15",20.09,15.43,2.63,"Full day","UC Davis",0.601147368,0,11.0398,NA,101.6512344,95.69626063,0.506447583,0.937714972,0.1875034,467.796875,NA,NA,0.094699786,FALSE
20,"D15",20.09,15.43,2.63,"Dark","UC Davis",0.557083333,0,10.6578,NA,105.0982165,98.6399905,0.523287903,0.934573568,0.230429815,585.575,NA,NA,0.033795431,FALSE
21,"D15",20.09,15.43,2.63,"Light","UC Davis",0.676685714,0,11.0398,NA,95.90626417,90.79004417,0.478380383,0.942950646,0.115959376,271.5,NA,NA,0.198305331,FALSE
22,"D16",21.25,16.42,2.77,"Dark","UC Davis",0.767183333,0,12.4914,NA,105.5505188,102.199925,0.529007708,0.966884805,0.189417845,444.4,NA,NA,0.238175626,FALSE
23,"D16",21.25,16.42,2.77,"Light","UC Davis",0.633028571,0,13.4464,NA,96.80563696,89.48004348,0.480475961,0.923811339,0.117840753,262.173913,NA,NA,0.152552611,FALSE
24,"D16",21.25,16.42,2.77,"Full day","UC Davis",0.717757895,0,13.4464,NA,102.3579429,97.55615873,0.511289768,0.951159571,0.163286526,377.8730159,NA,NA,0.206468126,FALSE
25,"D17",20.43,16,2.35,"Full day","UC Davis",0.613210526,0,11.4218,NA,97.30138952,94.15551222,0.487600768,0.96626537,0.143330397,277.4761905,NA,NA,0.125609758,FALSE
26,"D17",20.43,16,2.35,"Dark","UC Davis",0.608016667,0,10.7724,NA,101.6917465,98.85652225,0.510102483,0.971287238,0.174733406,354.825,NA,NA,0.097914184,FALSE
27,"D17",20.43,16,2.35,"Light","UC Davis",0.622114286,0,11.4218,NA,89.66598609,85.97984261,0.448467352,0.957531687,0.088716469,142.9565217,NA,NA,0.173646934,FALSE
28,"D2",23.44,18.03,3.59,"Full day","UC Davis",0.798178947,0,14.6688,NA,93.40579313,94.30009531,0.47240813,1.010754316,0.133973749,266.390625,NA,NA,0.325770818,FALSE
29,"D2",23.44,18.03,3.59,"Light","UC Davis",0.911342857,0,14.6688,NA,85.27408417,85.77877958,0.430936508,1.009065821,0.092682263,159.0833333,NA,NA,0.480406349,FALSE
30,"D2",23.44,18.03,3.59,"Dark","UC Davis",0.732166667,0,14.325,NA,98.2848185,99.41288475,0.497291103,1.011767413,0.15874864,330.775,NA,NA,0.234875564,FALSE
31,"D3",23.81,18.51,2.64,"Full day","UC Davis",0.794157895,0,15.0126,NA,103.9100727,102.1569039,0.522495119,0.982312953,0.251108542,694.859375,NA,NA,0.271662776,FALSE
32,"D3",23.81,18.51,2.64,"Dark","UC Davis",0.8213,0,14.3632,NA,108.73825,107.2774788,0.547186323,0.985970473,0.32273123,926.775,NA,NA,0.274113678,FALSE
33,"D3",23.81,18.51,2.64,"Light","UC Davis",0.747628571,0,15.0126,NA,95.86311042,93.6226125,0.481343113,0.976217088,0.131737396,308.3333333,NA,NA,0.266285459,FALSE
34,"D4",21.69,16.85,2.63,"Light","UC Davis",0.736714286,0,13.2172,NA,84.4017387,82.66998696,0.42406027,0.978408417,0.114093769,195.3913043,NA,NA,0.312654016,FALSE
35,"D4",21.69,16.85,2.63,"Dark","UC Davis",0.674866667,0,12.8352,NA,102.1646128,99.932221,0.513155778,0.978283995,0.308242655,839.4,NA,NA,0.161710889,FALSE
36,"D4",21.69,16.85,2.63,"Full day","UC Davis",0.697652632,0,13.2172,NA,95.67975397,93.63013556,0.480628846,0.978329419,0.237362903,604.2857143,NA,NA,0.217023786,FALSE
37,"D5",22.36,17.45,2.54,"Dark","UC Davis",0.7258,0,14.325,NA,114.93904,111.8420505,0.61691959,0.972616371,0.292121872,807.55,NA,NA,0.10888041,FALSE
38,"D5",22.36,17.45,2.54,"Light","UC Davis",0.944085714,0,14.898,NA,102.5123122,101.5387817,0.522356445,0.999136335,0.095718408,182.3478261,NA,NA,0.421729269,FALSE
39,"D5",22.36,17.45,2.54,"Full day","UC Davis",0.806221053,0,14.898,NA,110.4022981,108.0805397,0.570791227,0.985552939,0.22041902,579.3015873,NA,NA,0.235429826,FALSE
40,"D7",22.36,17.22,2.78,"Dark","UC Davis",0.84995,0,15.8148,NA,104.4698568,106.1186183,NA,NA,0.28031012,778.625,NA,NA,NA,FALSE
41,"D7",22.36,17.22,2.78,"Light","UC Davis",0.955,0,16.426,NA,96.37512522,96.92543739,NA,NA,0.101811988,201.6086957,NA,NA,NA,FALSE
42,"D7",22.36,17.22,2.78,"Full day","UC Davis",0.888652632,0,16.426,NA,101.5146373,102.7623776,NA,NA,0.215144135,567.968254,NA,NA,NA,FALSE
43,"D8",21.15,16.6,2.31,"Light","UC Davis",0.780371429,0,15.3564,NA,95.38722348,95.60508,NA,NA,0.070747977,111.9565217,NA,NA,NA,FALSE
44,"D8",21.15,16.6,2.31,"Full day","UC Davis",0.820294737,0,15.3564,NA,103.7064921,102.9818444,NA,NA,0.146587906,321.7301587,NA,NA,NA,FALSE
45,"D8",21.15,16.6,2.31,"Dark","UC Davis",0.843583333,0,14.707,NA,108.4900715,107.223484,NA,NA,0.190195865,442.35,NA,NA,NA,FALSE
46,"D9",23.2,18.03,2.98,"Dark","UC Davis",0.63985,0,13.5992,NA,116.75394,112.49064,NA,NA,0.22921654,594.875,NA,NA,NA,FALSE
47,"D9",23.2,18.03,2.98,"Light","UC Davis",0.965914286,0,13.9812,NA,103.4038957,102.0290087,NA,NA,0.08044661,163.3043478,NA,NA,NA,FALSE
48,"D9",23.2,18.03,2.98,"Full day","UC Davis",0.759978947,0,13.9812,NA,111.8801143,108.6713143,NA,NA,0.174903708,437.3174603,NA,NA,NA,FALSE
49,"M1",17.45,15.81,0.805,"Dark","Umass",0.69715,0,10.4286,NA,87.58333333,87.75,0.442217417,0.995856233,0.302783403,6042.166667,NA,NA,0.254932583,FALSE
50,"M1",17.45,15.81,0.805,"Light","Umass",0.294685714,0,2.0628,NA,83.85714286,70.28571429,0.408217,0.837095457,0.174853038,3345.714286,NA,NA,-0.113531286,FALSE
51,"M1",17.45,15.81,0.805,"Full day","Umass",0.548873684,0,10.4286,NA,86.21052632,81.31578947,0.429690947,0.93736542,0.255651163,5048.736842,NA,NA,0.119182737,FALSE
52,"M10",19,17,1.02,"Light","Umass",0.251028571,0,1.7572,NA,87.71428571,77.28571429,0.43116,0.876576741,0.15768158,2921.714286,NA,NA,-0.180131429,FALSE
53,"M10",19,17,1.02,"Full day","Umass",0.679557895,0,12.9116,NA,95.52631579,95.68421053,0.482295947,0.993787525,0.268478766,5149.631579,NA,NA,0.197261947,FALSE
54,"M10",19,17,1.02,"Dark","Umass",0.929533333,0,12.9116,NA,100.0833333,106.4166667,0.51212525,1.062160483,0.333110457,6449.25,NA,NA,0.417408083,FALSE
55,"M11",20.6,18.755,1.17,"Full day","Umass",0.623263158,0,11.842,NA,100.4210526,95.36842105,0.501236842,0.935841119,0.227693465,4363.842105,NA,NA,0.122026316,FALSE
56,"M11",20.6,18.755,1.17,"Light","Umass",0.016371429,0,0.1146,NA,85.85714286,66.57142857,0.411991,0.774673035,0.038660342,584.5714286,NA,NA,-0.395619571,FALSE
57,"M11",20.6,18.755,1.17,"Dark","Umass",0.977283333,0,11.842,NA,108.9166667,112.1666667,0.553296917,1.029855835,0.337962786,6568.416667,NA,NA,0.423986417,FALSE
58,"M12",19.45,17.745,0.995,"Full day","Umass",0.575010526,0,10.9252,NA,90.26315789,86.89473684,0.451832684,0.952820644,0.176348869,3325.947368,NA,NA,0.123177842,FALSE
59,"M12",19.45,17.745,0.995,"Dark","Umass",0.824483333,0,10.9252,NA,96.91666667,99.5,0.491995583,1.025804143,0.239336976,4617,NA,NA,0.33248775,FALSE
60,"M12",19.45,17.745,0.995,"Light","Umass",0.147342857,0,1.0314,NA,78.85714286,65.28571429,0.382982,0.827706076,0.068369257,1112.714286,NA,NA,-0.235639143,FALSE
61,"M13",16.7,15.385,0.755,"Full day","Umass",0.440305263,0,8.3658,NA,90.10526316,84.63157895,0.448707368,0.929310443,0.273920292,5358.736842,NA,NA,-0.008402105,FALSE
62,"M13",16.7,15.385,0.755,"Dark","Umass",0.579366667,0,8.3658,NA,94.41666667,92.66666667,0.474585417,0.975237924,0.345616984,6828.083333,NA,NA,0.10478125,FALSE
63,"M13",16.7,15.385,0.755,"Light","Umass",0.201914286,0,1.4134,NA,82.71428571,70.85714286,0.404345,0.850577618,0.151011675,2839.857143,NA,NA,-0.202430714,FALSE
64,"M2",20.2,18.16,1.255,"Light","Umass",0.452942857,0,3.1706,NA,94.57142857,85.14285714,0.466874,0.896163252,0.217798058,4224.142857,NA,NA,-0.013931143,FALSE
65,"M2",20.2,18.16,1.255,"Full day","Umass",0.564957895,0,10.7342,NA,97.42105263,92.42105263,0.486154053,0.941671367,0.236095052,4591.315789,NA,NA,0.078803842,FALSE
66,"M2",20.2,18.16,1.255,"Dark","Umass",0.6303,0,10.7342,NA,99.08333333,96.66666667,0.49740075,0.968217767,0.246768298,4805.5,NA,NA,0.13289925,FALSE
67,"M3",19.25,17.315,1.24,"Dark","Umass",1.075966667,0,15.1272,NA,101.0833333,106.9166667,0.51661925,1.057716439,0.212330773,3990.333333,NA,NA,0.559347417,FALSE
68,"M3",19.25,17.315,1.24,"Full day","Umass",0.796168421,0,15.1272,NA,97.68421053,96.73684211,0.491964421,0.984857732,0.173197771,3208.736842,NA,NA,0.304204,FALSE
69,"M3",19.25,17.315,1.24,"Light","Umass",0.316514286,0,2.2156,NA,91.85714286,79.28571429,0.449699,0.859957093,0.106112624,1868.857143,NA,NA,-0.133184714,FALSE
70,"M4",18.9,16.805,1.27,"Light","Umass",0.163714286,0,1.146,NA,87.57142857,75.14285714,0.428227,0.852610945,0.145095,2739.285714,NA,NA,-0.264512714,FALSE
71,"M4",18.9,16.805,1.27,"Full day","Umass",0.494589474,0,9.3972,NA,94.26315789,89.15789474,0.470099737,0.936590224,0.315982521,6315.157895,NA,NA,0.024489737,FALSE
72,"M4",18.9,16.805,1.27,"Dark","Umass",0.6876,0,9.3972,NA,98.16666667,97.33333333,0.4945255,0.985578137,0.415666909,8401.083333,NA,NA,0.1930745,FALSE
73,"M5",20.15,18.14,1.025,"Light","Umass",0.103685714,0,0.7258,NA,90.28571429,74.71428571,0.43845,0.823940514,0.122023241,2257.428571,NA,NA,-0.334764286,FALSE
74,"M5",20.15,18.14,1.025,"Dark","Umass",0.8977,0,11.4982,NA,100.9166667,101.5,0.509971583,1.000284456,0.331346553,6530.75,NA,NA,0.387728417,FALSE
75,"M5",20.15,18.14,1.025,"Full day","Umass",0.605168421,0,11.4982,NA,97,91.63157895,0.483621526,0.935315635,0.254227438,4956.368421,NA,NA,0.121546895,FALSE
76,"M6",20.05,18.2,1.07,"Dark","Umass",0.79265,0,11.46,NA,100.25,99,0.50457925,0.982966501,0.205103223,3844.25,NA,NA,0.28807075,FALSE
77,"M6",20.05,18.2,1.07,"Full day","Umass",0.603157895,0,11.46,NA,98.63157895,92.84210526,0.491390421,0.935522258,0.183286513,3449.052632,NA,NA,0.111767474,FALSE
78,"M6",20.05,18.2,1.07,"Light","Umass",0.278314286,0,1.9482,NA,95.85714286,82.28571429,0.468781,0.85418927,0.145886437,2771.571429,NA,NA,-0.190466714,FALSE
79,"M7",19.9,18.355,0.96,"Light","Umass",0.218285714,0,1.528,NA,91.28571429,76.42857143,0.444287,0.838241104,0.125210822,2274.714286,NA,NA,-0.226001286,FALSE
80,"M7",19.9,18.355,0.96,"Dark","Umass",0.862683333,0,11.8802,NA,102.9166667,103.4166667,0.519973417,0.999737327,0.250095518,4751.916667,NA,NA,0.342709917,FALSE
81,"M7",19.9,18.355,0.96,"Full day","Umass",0.625273684,0,11.8802,NA,98.63157895,93.47368421,0.492088947,0.940238718,0.204085367,3839.263158,NA,NA,0.133184737,FALSE
82,"M8",18.4,16.93,0.87,"Full day","Umass",0.562947368,0,10.696,NA,93.89473684,89.36842105,0.468880632,0.942223243,0.265128588,5114.789474,NA,NA,0.094066737,FALSE
83,"M8",18.4,16.93,0.87,"Dark","Umass",0.834033333,0,10.696,NA,99.33333333,99.75,0.501796167,1.002136889,0.350462945,6820.166667,NA,NA,0.332237167,FALSE
84,"M8",18.4,16.93,0.87,"Light","Umass",0.098228571,0,0.6876,NA,84.57142857,71.57142857,0.412454,0.839514135,0.118841118,2191.285714,NA,NA,-0.314225429,FALSE
85,"V1",20.175,14.51665,1.38258,"Full day","Vanderbilt",0.588201589,0.070169421,11.1758302,1.333219,73.72763512,70.65660629,0.368706815,0.942358668,0.212024595,NA,1.338500498,1.538478107,0.219494774,FALSE
86,"V1",20.175,14.51665,1.38258,"Dark","Vanderbilt",0.503046691,0.073122277,11.1758302,1.333219,71.23210333,68.10422493,0.35604899,0.940611947,0.200763594,NA,1.276462292,1.48025,0.1469977,FALSE
87,"V1",20.175,14.51665,1.38258,"Light","Vanderbilt",0.77270387,0.063771567,4.63622322,0.3826294,79.61872656,76.6819,0.398587582,0.946482074,0.23860794,NA,1.484951344,1.675934623,0.374116288,FALSE
88,"V10",19.16,13.6533,1.61944,"Dark","Vanderbilt",0.188925975,0.084664946,5.93016036,1.343442,75.00112632,63.066455,0.365330935,0.828112772,0.214451262,NA,1.246971181,1.437067292,-0.17640496,FALSE
89,"V10",19.16,13.6533,1.61944,"Full day","Vanderbilt",0.312113703,0.070599053,5.93016036,1.343442,76.70580898,67.521556,0.376976433,0.868715687,0.20799057,NA,1.105736537,1.29109561,-0.06486273,FALSE
90,"V10",19.16,13.6533,1.61944,"Light","Vanderbilt",0.579020447,0.04012295,3.474122684,0.2427977,80.72997787,78.03851574,0.404467444,0.964565193,0.192739099,NA,0.772330164,0.946506721,0.174553003,FALSE
91,"V11",19.68,13.59575,1.186955,"Light","Vanderbilt",0.843248574,0.0765838,5.059491444,0.4595028,85.38035672,79.36948295,0.424266651,0.920574746,0.037716605,NA,0.578606557,0.625532787,0.418981923,FALSE
92,"V11",19.68,13.59575,1.186955,"Full day","Vanderbilt",0.486370482,0.063152105,9.241039164,1.19989,76.973262,69.90482366,0.380666369,0.894187597,0.028009033,NA,0.481939024,0.515395122,0.105704114,FALSE
93,"V11",19.68,13.59575,1.186955,"Dark","Vanderbilt",0.321657517,0.056952862,9.241039164,1.19989,73.41192326,65.89548882,0.362196805,0.883009708,0.023896798,NA,0.440989583,0.468739583,-0.040539288,FALSE
94,"V12",19.14,13.5901,1.47194,"Full day","Vanderbilt",0.760725456,0.076088421,14.45378366,1.44568,77.87050146,73.60518834,0.388294985,0.93596102,0.266169274,NA,1.46756502,1.682949307,0.37243047,FALSE
95,"V12",19.14,13.5901,1.47194,"Light","Vanderbilt",1.137858943,0.050679833,6.82715366,0.304079,79.02093098,79.05025852,0.39885107,0.997155241,0.282126836,NA,1.384893426,1.635385375,0.739007873,FALSE
96,"V12",19.14,13.5901,1.47194,"Dark","Vanderbilt",0.586663846,0.087815462,14.45378366,1.44568,77.38316674,71.29859611,0.38382331,0.910038469,0.259409473,NA,1.502585625,1.703097917,0.202840536,FALSE
97,"V13",18.86,13.4804,1.393305,"Full day","Vanderbilt",0.200491494,0.069020526,3.80933838,1.33049,75.66005068,68.88900732,0.374367502,0.899085484,0.152947781,NA,1.088149366,1.237584,-0.173876009,FALSE
98,"V13",18.86,13.4804,1.393305,"Light","Vanderbilt",0.342260094,0.0438544,2.053560566,0.2822264,82.08788885,79.78810869,0.41175402,0.969178479,0.173133097,NA,0.985981803,1.159886393,-0.069493925,FALSE
99,"V13",18.86,13.4804,1.393305,"Dark","Vanderbilt",0.135059832,0.080635662,3.80933838,1.33049,72.93714701,64.27202688,0.358530158,0.869393313,0.144397057,NA,1.131428681,1.270497569,-0.223470326,FALSE
100,"V14",19.015,13.43955,1.24546,"Light","Vanderbilt",1.29280451,0.016066667,7.75682706,0.0964,86.14320984,87.79444803,0.436591059,1.017648816,0.210550385,NA,1.309045574,1.493743377,0.856213451,FALSE
101,"V14",19.015,13.43955,1.24546,"Dark","Vanderbilt",0.260582769,0.0672472,11.14440306,0.9706136,78.61995472,70.78170063,0.388125795,0.890203231,0.192277763,NA,1.376950694,1.53106875,-0.127543026,FALSE
102,"V14",19.015,13.43955,1.24546,"Full day","Vanderbilt",0.586547529,0.051084926,11.14440306,0.9706136,80.85858185,75.84403034,0.402547166,0.928126063,0.197714982,NA,1.35674478,1.519962176,0.184000363,FALSE
103,"V15",18.805,13.18985,1.619665,"Dark","Vanderbilt",0.415446157,0.153847923,9.16404439,2.536613,77.87411493,70.08117458,0.384411666,0.882369199,0.205220652,NA,1.421662847,1.585092222,0.031034491,FALSE
104,"V15",18.805,13.18985,1.619665,"Light","Vanderbilt",0.627207392,0.080348333,3.76324435,0.53659,81.08426557,78.51892656,0.406395025,0.962461398,0.13080002,NA,1.173116393,1.278588033,0.220812367,FALSE
105,"V15",18.805,13.18985,1.619665,"Full day","Vanderbilt",0.482318126,0.130637526,9.16404439,2.536613,78.82933049,72.59192029,0.390953056,0.906201512,0.183075976,NA,1.347705122,1.493888537,0.09136507,FALSE
106,"V16",16.7,11.25405,2.094025,"Full day","Vanderbilt",0.390550567,0.050930942,7.42046078,0.9676879,68.67559907,64.81182459,0.342332412,0.93723126,0.223383199,NA,0.986156937,1.177529971,0.048218155,FALSE
107,"V16",16.7,11.25405,2.094025,"Dark","Vanderbilt",0.336129675,0.069006762,7.42046078,0.9676879,63.8885809,59.67929569,0.317790196,0.92659416,0.202725934,NA,0.742523611,0.915953472,0.018339479,FALSE
108,"V16",16.7,11.25405,2.094025,"Light","Vanderbilt",0.508462501,0.011766667,3.050775004,0.0706,79.97610098,76.92795836,0.400268136,0.962341792,0.27214789,NA,1.561291344,1.795022033,0.108194365,FALSE
109,"V2",20.285,14.6791,1.349935,"Full day","Vanderbilt",0.416254543,0.071644,7.90883632,1.361236,83.24508151,76.92506737,0.413147998,0.911693027,0.227763974,NA,1.360955293,1.544459405,0.003106546,FALSE
110,"V2",20.285,14.6791,1.349935,"Dark","Vanderbilt",0.3838532,0.084031292,7.90883632,1.361236,82.32720049,75.31426229,0.407749082,0.899953572,0.223629128,NA,1.327843611,1.502952778,-0.023895882,FALSE
111,"V2",20.285,14.6791,1.349935,"Light","Vanderbilt",0.486457454,0.044804867,2.918744726,0.2688292,85.41188262,80.72762361,0.425892979,0.939405839,0.23752492,NA,1.439120574,1.642442262,0.060564476,FALSE
112,"V3",20.25,14.63275,1.6523,"Dark","Vanderbilt",0.507243989,0.101206731,10.79771514,1.797345,83.26570931,78.25974799,0.414705444,0.928044167,0.246395953,NA,1.285919444,1.502888681,0.092538545,FALSE
113,"V3",20.25,14.63275,1.6523,"Full day","Vanderbilt",0.568300797,0.094597105,10.79771514,1.797345,85.50438976,81.92965317,0.427586998,0.947761028,0.25190931,NA,1.184660102,1.413218293,0.140713799,FALSE
114,"V3",20.25,14.63275,1.6523,"Light","Vanderbilt",0.700590547,0.08027625,4.20354328,0.4816575,90.78914361,90.5930359,0.45799591,0.994305748,0.264924449,NA,0.945621656,1.201537377,0.242594637,FALSE
115,"V4",18.095,13.02585,1.335265,"Light","Vanderbilt",0.488123929,0.061602567,2.928743576,0.3806154,78.54566344,75.67893131,0.393249364,0.95885911,0.277759404,NA,1.349412131,1.604793607,0.094874565,FALSE
116,"V4",18.095,13.02585,1.335265,"Full day","Vanderbilt",0.346914305,0.101227632,6.5913718,1.934325,77.3717041,70.79515371,0.383221331,0.906559492,0.285474922,NA,1.709595122,1.948072244,-0.036307025,FALSE
117,"V4",18.095,13.02585,1.335265,"Dark","Vanderbilt",0.281740633,0.119516123,6.5913718,1.934325,76.87440188,68.72633125,0.378973344,0.884404793,0.288743301,NA,1.862172639,2.093488889,-0.097232712,FALSE
118,"V5",19.37,13.80405,1.485965,"Dark","Vanderbilt",0.208659801,0.161337215,4.0276743,2.687443,75.46417083,67.22968854,0.371760333,0.881686806,0.165738183,NA,1.141333125,1.288414236,-0.163100531,FALSE
119,"V5",19.37,13.80405,1.485965,"Light","Vanderbilt",0.219182814,0.0921932,1.315096884,0.5900592,80.5448959,75.10967803,0.400498741,0.927898257,0.149668039,NA,1.125079344,1.252890492,-0.181315927,FALSE
120,"V5",19.37,13.80405,1.485965,"Full day","Vanderbilt",0.211982858,0.139502263,4.0276743,2.687443,76.97599634,69.5744659,0.380311761,0.895437531,0.160956335,NA,1.136496634,1.277843756,-0.168328904,FALSE
121,"V6",17.225,12.76905,0.876712,"Light","Vanderbilt",0.635449997,0.059860333,3.81269998,0.359162,81.09299885,80.70705492,0.408849516,0.991947451,0.269996792,NA,1.467840492,1.686103279,0.22660048,FALSE
122,"V6",17.225,12.76905,0.876712,"Dark","Vanderbilt",0.411244745,0.088090615,9.15888166,1.50434,73.02378479,68.85732618,0.363942945,0.935029465,0.224234504,NA,1.138251389,1.320079167,0.047301799,FALSE
123,"V6",17.225,12.76905,0.876712,"Full day","Vanderbilt",0.482046403,0.079175789,9.15888166,1.50434,75.424868,72.38334302,0.377305388,0.951966037,0.237851575,NA,1.236324244,1.428993659,0.104741015,FALSE
124,"V7",20.015,14.1576,1.52009,"Dark","Vanderbilt",0.354531291,0.120349654,7.08511444,2.055022,74.40043417,70.09520104,0.370737397,0.931070009,0.084996237,NA,0.733300208,0.806107917,-0.016206106,FALSE
125,"V7",20.015,14.1576,1.52009,"Full day","Vanderbilt",0.37290076,0.107148526,7.08511444,2.055022,76.65549546,71.89255537,0.381612472,0.928606667,0.081980345,NA,0.736648927,0.805708927,-0.008711712,FALSE
126,"V7",20.015,14.1576,1.52009,"Light","Vanderbilt",0.412701276,0.078546083,2.476207658,0.4904765,81.97891885,76.13549016,0.40728478,0.922791564,0.074860863,NA,0.744554098,0.804767049,0.005416496,FALSE
127,"V8",18.77,13.3126,1.66873,"Full day","Vanderbilt",0.673346977,0.118843158,12.79359256,2.25802,80.39987707,74.93195761,0.39973066,0.922750305,0.239955781,NA,1.428522751,1.639701459,0.273616317,FALSE
128,"V8",18.77,13.3126,1.66873,"Dark","Vanderbilt",0.630816582,0.126865762,12.79359256,2.25802,81.05741118,75.17573014,0.402591615,0.916250252,0.264141402,NA,1.757247569,1.976874514,0.228224966,FALSE
129,"V8",18.77,13.3126,1.66873,"Light","Vanderbilt",0.765496167,0.10146085,4.592977,0.6087651,78.84766541,74.35649459,0.39297693,0.938094693,0.182861856,NA,0.652516623,0.843751951,0.372519237,FALSE
130,"V9",19.48,14.3678,1.043034,"Full day","Vanderbilt",0.803203655,0.058285368,15.26086944,1.107422,78.95627688,74.16298673,0.393190953,0.929007848,0.04908915,NA,0.23484652,0.29415535,0.410012702,FALSE
131,"V9",19.48,14.3678,1.043034,"Light","Vanderbilt",0,0.07164515,0,0.4298709,85.99076852,82.84575246,0.430517026,0.956136867,0.05336417,NA,0.291363061,0.35265093,-0.430517026,FALSE
132,"V9",19.48,14.3678,1.043034,"Dark","Vanderbilt",1.173913034,0.052119315,15.26086944,1.107422,75.97638806,70.48487069,0.377379214,0.917515694,0.047278204,NA,0.210905486,0.269375972,0.79653382,FALSE
133,"Y1",20.05,14.90785,1.604605,"Full day","Yale",0.9191875,0,14.6306,NA,81.78127692,83.79395385,0.414976125,1.02322663,0.166786383,316.9615385,NA,NA,0.504211375,FALSE
134,"Y1",20.05,14.90785,1.604605,"Dark","Yale",1.010563636,0,14.6306,NA,86.41783784,89.94914595,0.440056454,1.04153493,0.210656327,407.8918919,NA,NA,0.570507182,FALSE
135,"Y1",20.05,14.90785,1.604605,"Light","Yale",0.71816,0,3.5144,NA,70.34442667,68.61114667,0.353111314,0.978066158,0.058573854,92.66666667,NA,NA,0.365048686,FALSE
136,"Y10",20.8,15.36125,1.91354,"Dark","Yale",0.8022,0,12.7588,NA,82.25928056,84.39782778,0.417527822,1.027617568,0.130195561,204.1666667,NA,NA,0.384672178,FALSE
137,"Y10",20.8,15.36125,1.91354,"Full day","Yale",0.8404,0,12.7588,NA,78.82044314,80.33416863,0.399480957,1.020411813,0.107615655,167.3333333,NA,NA,0.440919043,FALSE
138,"Y10",20.8,15.36125,1.91354,"Light","Yale",0.92444,0,3.8964,NA,70.56723333,70.58138667,0.35616848,1.003118001,0.053423882,78.93333333,NA,NA,0.56827152,FALSE
139,"Y11",19.5,14.6509,1.473765,"Light","Yale",0.77164,0,3.3616,NA,73.76824,70.69001333,0.368903789,0.964841778,0.127824939,241.4666667,NA,NA,0.402736211,FALSE
140,"Y11",19.5,14.6509,1.473765,"Dark","Yale",0.9932,0,14.2868,NA,83.30089444,83.77813889,0.420947447,1.005965367,0.235332956,472.5277778,NA,NA,0.572252553,FALSE
141,"Y11",19.5,14.6509,1.473765,"Full day","Yale",0.9239625,0,14.2868,NA,80.49717255,79.9286902,0.405640488,0.993870194,0.203712951,404.5686275,NA,NA,0.518322012,FALSE
142,"Y12",19.1,14.6819,1.096827,"Dark","Yale",0.868181818,0,13.37,NA,85.84303333,85.92120833,0.433336251,1.001349132,0.254189461,501,NA,NA,0.434845567,FALSE
143,"Y12",19.1,14.6819,1.096827,"Light","Yale",0.89388,0,3.82,NA,73.55058,71.72748,0.369193429,0.97835358,0.08500283,122.4,NA,NA,0.524686571,FALSE
144,"Y12",19.1,14.6819,1.096827,"Full day","Yale",0.8762125,0,13.37,NA,82.22760588,81.74658235,0.414470715,0.994585734,0.204428687,389.6470588,NA,NA,0.461741785,FALSE
145,"Y13",18.35,13.9532,1.17415,"Dark","Yale",0.937636364,0,13.1026,NA,89.17236944,88.67883889,0.449507104,0.994707737,0.303873483,607.7222222,NA,NA,0.48812926,FALSE
146,"Y13",18.35,13.9532,1.17415,"Full day","Yale",0.8189125,0,13.1026,NA,86.64043529,83.54916275,0.43385533,0.961784709,0.254347127,492.3529412,NA,NA,0.38505717,FALSE
147,"Y13",18.35,13.9532,1.17415,"Light","Yale",0.55772,0,2.7886,NA,80.56379333,71.23794,0.396291071,0.882769441,0.135483871,215.4666667,NA,NA,0.161428929,FALSE
148,"Y14",20.55,15.2508,1.825665,"Dark","Yale",0.885545455,0,13.6756,NA,96.30997297,98.15759459,0.488119903,1.018008464,0.304440264,624.5405405,NA,NA,0.397425551,FALSE
149,"Y14",20.55,15.2508,1.825665,"Light","Yale",1.04668,0,3.9728,NA,87.989,86.55042857,0.442489423,0.986482082,0.09228717,153.9285714,NA,NA,0.604190577,FALSE
150,"Y14",20.55,15.2508,1.825665,"Full day","Yale",0.9359,0,13.6756,NA,94.02578431,94.97131373,0.475593889,1.009354163,0.246202159,495.3529412,NA,NA,0.460306111,FALSE
151,"Y15",20,14.911,1.475415,"Full day","Yale",0.8714375,0,12.988,NA,90.8051451,88.4521,0.45569109,0.971025163,0.29799039,633.3333333,NA,NA,0.41574641,FALSE
152,"Y15",20,14.911,1.475415,"Dark","Yale",0.927218182,0,12.988,NA,94.28947297,94.03188108,0.475594065,0.996253849,0.348651708,760.9459459,NA,NA,0.451624117,FALSE
153,"Y15",20,14.911,1.475415,"Light","Yale",0.74872,0,2.7886,NA,81.59656429,73.70553571,0.403090371,0.90434935,0.164099766,296.0714286,NA,NA,0.345629629,FALSE
154,"Y16",19.5,14.49355,1.669435,"Full day","Yale",1.0767625,0,16.426,NA,78.05768824,75.36707255,0.390981333,0.964827696,0.224291754,422.7254902,NA,NA,0.685781167,FALSE
155,"Y16",19.5,14.49355,1.669435,"Light","Yale",0.81748,0,3.2852,NA,71.56931429,65.42705714,0.354417,0.918055207,0.160401003,289.2142857,NA,NA,0.463063,FALSE
156,"Y16",19.5,14.49355,1.669435,"Dark","Yale",1.194618182,0,16.426,NA,80.51274865,79.12815946,0.404816486,0.982525395,0.248466633,473.2432432,NA,NA,0.789801695,FALSE
157,"Y2",19.65,14.73265,1.5480065,"Light","Yale",0.93972,0,4.4694,NA,72.68473333,72.75268,0.366914993,1.00481418,0.097962649,190.3333333,NA,NA,0.572805007,FALSE
158,"Y2",19.65,14.73265,1.5480065,"Dark","Yale",0.882072727,0,14.1722,NA,81.1597027,83.42092973,0.412113938,1.029478665,0.210029214,450.1621622,NA,NA,0.469958789,FALSE
159,"Y2",19.65,14.73265,1.5480065,"Full day","Yale",0.9000875,0,14.1722,NA,78.715,80.34355,0.399075781,1.02236391,0.17770232,375.2115385,NA,NA,0.501011719,FALSE
160,"Y3",18.85,14.1859,1.53337,"Dark","Yale",1.020981818,0,13.8284,NA,74.70285405,77.16152432,0.379744592,1.032526384,0.271646859,576.4324324,NA,NA,0.641237226,FALSE
161,"Y3",18.85,14.1859,1.53337,"Light","Yale",0.60356,0,2.6358,NA,62.15506667,62.36490667,0.313928707,1.010511107,0.072344841,137.6,NA,NA,0.289631293,FALSE
162,"Y3",18.85,14.1859,1.53337,"Full day","Yale",0.8905375,0,13.8284,NA,71.0833,72.89326923,0.36075924,1.026175823,0.214155892,449.8461538,NA,NA,0.52977826,FALSE
163,"Y4",18.8,14.23335,1.458135,"Full day","Yale",-5.543775,0,0,NA,73.10514231,73.69434038,0.369613306,1.00878171,0.239035088,518.3269231,NA,NA,-5.913388306,FALSE
164,"Y4",18.8,14.23335,1.458135,"Dark","Yale",-1.781509091,0,-67.614,NA,75.39527027,77.57647297,0.382932343,1.030595478,0.273008152,598.0540541,NA,NA,-2.164441434,FALSE
165,"Y4",18.8,14.23335,1.458135,"Light","Yale",-13.82076,0,0,NA,67.45616,64.11841333,0.33675968,0.954974413,0.155234861,321.6666667,NA,NA,-14.15751968,FALSE
166,"Y5",19.05,14.1533,1.701465,"Dark","Yale",1.073072727,0,14.5542,NA,75.32545946,77.67477568,0.382765943,1.032809357,0.288678322,634.8648649,NA,NA,0.690306784,FALSE
167,"Y5",19.05,14.1533,1.701465,"Light","Yale",0.573,0,2.7504,NA,71.20002,68.2866,0.35612426,0.963491707,0.156083758,306.2666667,NA,NA,0.21687574,FALSE
168,"Y5",19.05,14.1533,1.701465,"Full day","Yale",0.9168,0,14.5542,NA,74.13542885,74.96664808,0.375080842,1.012813881,0.25042989,540.0769231,NA,NA,0.541719158,FALSE
169,"Y6",19.2,14.3286,1.680655,"Full day","Yale",1.026625,0,15.9676,NA,75.51684231,77.50085769,0.383327821,1.02815106,0.187916286,371.8653846,NA,NA,0.643297179,FALSE
170,"Y6",19.2,14.3286,1.680655,"Dark","Yale",1.041818182,0,15.9676,NA,78.06743243,80.75908108,0.396983289,1.036485422,0.219022928,444.1621622,NA,NA,0.644834893,FALSE
171,"Y6",19.2,14.3286,1.680655,"Light","Yale",0.9932,0,4.5076,NA,69.22538667,69.46390667,0.349644333,1.007592967,0.111186569,193.5333333,NA,NA,0.643555667,FALSE
172,"Y7",19.6,14.7355,1.062317,"Full day","Yale",0.9144125,0,14.3632,NA,80.290125,80.796375,0.405784173,1.006878652,0.166601367,361.3846154,NA,NA,0.508628327,FALSE
173,"Y7",19.6,14.7355,1.062317,"Light","Yale",0.764,0,3.5526,NA,71.2387,68.588,0.356610053,0.968193387,0.080833805,168.2,NA,NA,0.407389947,FALSE
174,"Y7",19.6,14.7355,1.062317,"Dark","Yale",0.982781818,0,14.3632,NA,83.95962162,85.74571622,0.425719627,1.022561868,0.201372,439.7027027,NA,NA,0.557062191,FALSE
175,"Y8",19.6,14.35105,1.640567,"Full day","Yale",0.9144125,0,13.752,NA,77.12112692,78.18428654,0.390406181,1.015647808,0.228407557,468.1538462,NA,NA,0.524006319,FALSE
176,"Y8",19.6,14.35105,1.640567,"Dark","Yale",0.889018182,0,13.752,NA,79.62132162,81.43153784,0.403850908,1.024596927,0.262943759,550.8648649,NA,NA,0.485167274,FALSE
177,"Y8",19.6,14.35105,1.640567,"Light","Yale",0.97028,0,3.9728,NA,70.95398,70.1744,0.35724252,0.993573313,0.143218261,264.1333333,NA,NA,0.61303748,FALSE
178,"Y9",20.85,15.37325,1.865015,"Full day","Yale",0.90725,0,14.1722,NA,78.53966667,81.78084314,0.399974435,1.04177222,0.225445809,416.4705882,NA,NA,0.507275565,FALSE
179,"Y9",20.85,15.37325,1.865015,"Light","Yale",0.9168,0,4.2402,NA,66.975,68.98773333,0.340248913,1.030998947,0.09434069,125.4666667,NA,NA,0.576551087,FALSE
180,"Y9",20.85,15.37325,1.865015,"Dark","Yale",0.902909091,0,14.1722,NA,83.35827778,87.11130556,0.424860069,1.046261083,0.280072942,537.7222222,NA,NA,0.478049021,FALSE
